"Date","HomeTeam","AwayTeam","FTR","B365H","B365D","B365A"
2014-08-30,"Chievo","Juventus","A",7,4,1.5
2014-08-30,"Roma","Fiorentina","H",1.67,3.8,5
2014-08-31,"Atalanta","Verona","D",2.05,3.4,3.6
2014-08-31,"Cesena","Parma","H",3.1,3.2,2.35
2014-08-31,"Genoa","Napoli","A",3.9,3.4,1.95
2014-08-31,"Milan","Lazio","H",2,3.4,3.75
2014-08-31,"Palermo","Sampdoria","D",2.2,3.25,3.3
2014-08-31,"Sassuolo","Cagliari","D",2.3,3.4,3
2014-08-31,"Torino","Inter","D",3.1,3.3,2.3
2014-08-31,"Udinese","Empoli","H",1.8,3.5,4.5
2014-09-13,"Empoli","Roma","A",5.5,3.75,1.62
2014-09-13,"Juventus","Udinese","H",1.4,4.5,8
2014-09-14,"Cagliari","Atalanta","A",2.25,3.4,3.1
2014-09-14,"Fiorentina","Genoa","D",1.57,3.8,6
2014-09-14,"Inter","Sassuolo","H",1.44,4.33,7
2014-09-14,"Lazio","Cesena","H",1.33,5,9
2014-09-14,"Napoli","Chievo","A",1.36,4.75,8
2014-09-14,"Parma","Milan","A",2.7,3.2,2.6
2014-09-14,"Sampdoria","Torino","H",2.4,3.1,3.1
2014-09-15,"Verona","Palermo","H",2.2,3.3,3.3
2014-09-20,"Cesena","Empoli","D",2.8,3,2.7
2014-09-20,"Milan","Juventus","A",3.2,3.3,2.25
2014-09-21,"Atalanta","Fiorentina","A",3.25,3.1,2.3
2014-09-21,"Chievo","Parma","A",2.9,3.1,2.5
2014-09-21,"Genoa","Lazio","H",3,3,2.5
2014-09-21,"Palermo","Inter","D",3.75,3.4,2
2014-09-21,"Roma","Cagliari","H",1.3,5,11
2014-09-21,"Sassuolo","Sampdoria","D",2.63,3.2,2.7
2014-09-21,"Torino","Verona","A",1.91,3.5,4
2014-09-21,"Udinese","Napoli","H",3.3,3.25,2.2
2014-09-23,"Empoli","Milan","D",4.5,3.3,1.85
2014-09-24,"Cagliari","Torino","A",2.55,3.3,2.7
2014-09-24,"Fiorentina","Sassuolo","D",1.44,4.33,7
2014-09-24,"Inter","Atalanta","H",1.44,4.33,7
2014-09-24,"Juventus","Cesena","H",1.13,8,19
2014-09-24,"Napoli","Palermo","D",1.44,4.33,7
2014-09-24,"Parma","Roma","A",3.75,3.4,2
2014-09-24,"Sampdoria","Chievo","H",1.91,3.3,4.2
2014-09-24,"Verona","Genoa","D",2.05,3.4,3.5
2014-09-25,"Lazio","Udinese","A",1.8,3.5,4.5
2014-09-27,"Atalanta","Juventus","A",6.5,3.8,1.55
2014-09-27,"Roma","Verona","H",1.33,5,9
2014-09-28,"Cesena","Milan","D",5.5,3.75,1.62
2014-09-28,"Chievo","Empoli","D",2.25,3.25,3.25
2014-09-28,"Genoa","Sampdoria","A",2.9,3,2.6
2014-09-28,"Inter","Cagliari","A",1.44,4.33,7
2014-09-28,"Sassuolo","Napoli","A",4.5,3.5,1.8
2014-09-28,"Torino","Fiorentina","D",2.88,3.2,2.5
2014-09-29,"Palermo","Lazio","A",2.9,3.25,2.4
2014-09-29,"Udinese","Parma","H",2.2,3.2,3.4
2014-10-05,"Empoli","Palermo","H",2.38,3.2,3
2014-10-05,"Fiorentina","Inter","H",2.38,3.3,2.9
2014-10-05,"Juventus","Roma","H",1.8,3.5,4.5
2014-10-05,"Lazio","Sassuolo","H",1.5,4,7
2014-10-04,"Milan","Chievo","H",1.4,4.75,7
2014-10-05,"Napoli","Torino","H",1.5,4,7
2014-10-05,"Parma","Genoa","A",1.91,3.4,4
2014-10-05,"Sampdoria","Atalanta","H",1.83,3.4,4.5
2014-10-05,"Udinese","Cesena","D",1.45,4.2,7.5
2014-10-04,"Verona","Cagliari","H",2,3.3,3.75
2014-10-18,"Roma","Chievo","H",1.3,5.5,9
2014-10-18,"Sassuolo","Juventus","D",7.5,4.5,1.4
2014-10-19,"Atalanta","Parma","H",2.5,3.2,2.88
2014-10-19,"Cagliari","Sampdoria","D",2.5,3.3,2.75
2014-10-19,"Fiorentina","Lazio","A",2.05,3.3,3.6
2014-10-19,"Inter","Napoli","D",2.5,3.25,2.8
2014-10-19,"Palermo","Cesena","H",1.65,3.6,5.5
2014-10-19,"Torino","Udinese","H",2.15,3.2,3.4
2014-10-19,"Verona","Milan","A",3.4,3.4,2.1
2014-10-20,"Genoa","Empoli","D",2.1,3.3,3.5
2014-10-25,"Empoli","Cagliari","A",2,3.4,3.75
2014-10-25,"Parma","Sassuolo","A",1.73,3.6,4.75
2014-10-25,"Sampdoria","Roma","D",3.6,3.5,2
2014-10-26,"Cesena","Inter","A",6.5,3.6,1.57
2014-10-26,"Chievo","Genoa","A",2.38,3.1,3.1
2014-10-26,"Juventus","Palermo","H",1.22,5.5,15
2014-10-26,"Lazio","Torino","H",1.75,3.5,4.75
2014-10-26,"Milan","Fiorentina","D",2.05,3.4,3.6
2014-10-26,"Napoli","Verona","H",1.4,4.5,8
2014-10-26,"Udinese","Atalanta","H",1.91,3.4,4
2014-10-28,"Sassuolo","Empoli","H",2.2,3.25,3.3
2014-10-29,"Atalanta","Napoli","D",4,3.4,1.91
2014-10-29,"Cagliari","Milan","D",3.4,3.4,2.1
2014-10-29,"Fiorentina","Udinese","H",1.65,3.6,5.5
2014-10-29,"Genoa","Juventus","H",7,4,1.5
2014-10-29,"Inter","Sampdoria","H",1.8,3.6,4.33
2014-10-29,"Palermo","Chievo","H",1.91,3.4,4
2014-10-29,"Roma","Cesena","H",1.18,6.5,15
2014-10-29,"Torino","Parma","H",1.83,3.4,4.33
2014-10-30,"Verona","Lazio","D",3.2,3.3,2.25
2014-11-01,"Empoli","Juventus","A",7.5,4.2,1.44
2014-11-01,"Napoli","Roma","H",2.4,3.3,2.9
2014-11-01,"Parma","Inter","H",3.4,3.4,2.1
2014-11-02,"Chievo","Sassuolo","D",2.4,3.2,3
2014-11-02,"Milan","Palermo","A",1.5,4,7
2014-11-02,"Sampdoria","Fiorentina","H",3,3.2,2.4
2014-11-02,"Torino","Atalanta","D",1.85,3.5,4.2
2014-11-02,"Udinese","Genoa","A",2.05,3.3,3.6
2014-11-03,"Cesena","Verona","D",2.88,3.2,2.5
2014-11-03,"Lazio","Cagliari","H",1.53,3.8,6.5
2014-11-08,"Sampdoria","Milan","D",2.6,3.2,2.7
2014-11-08,"Sassuolo","Atalanta","D",2.1,3.4,3.4
2014-11-09,"Cagliari","Genoa","D",2.2,3.4,3.2
2014-11-09,"Chievo","Cesena","H",1.85,3.4,4.33
2014-11-09,"Empoli","Lazio","H",3.75,3.25,2.05
2014-11-09,"Fiorentina","Napoli","A",2.5,3.3,2.75
2014-11-09,"Inter","Verona","D",1.45,4.5,6.5
2014-11-09,"Juventus","Parma","H",1.2,6,15
2014-11-09,"Palermo","Udinese","D",2.15,3.3,3.4
2014-11-09,"Roma","Torino","H",1.44,4.33,7
2014-11-22,"Atalanta","Roma","A",4.5,3.4,1.83
2014-11-22,"Lazio","Juventus","A",3.75,3.4,2
2014-11-23,"Cesena","Sampdoria","D",4,3.3,1.95
2014-11-23,"Milan","Inter","D",2.63,3.2,2.7
2014-11-23,"Napoli","Cagliari","D",1.36,4.75,8.5
2014-11-23,"Parma","Empoli","A",2.15,3.4,3.3
2014-11-23,"Torino","Sassuolo","A",1.83,3.5,4.33
2014-11-23,"Udinese","Chievo","D",1.85,3.4,4.33
2014-11-23,"Verona","Fiorentina","A",3.4,3.4,2.1
2014-11-24,"Genoa","Palermo","D",2.15,3.3,3.4
2014-11-29,"Chievo","Lazio","D",3.75,3.3,2.1
2014-11-29,"Sassuolo","Verona","H",2,3.5,3.6
2014-11-30,"Cagliari","Fiorentina","A",3.8,3.5,2
2014-11-30,"Cesena","Genoa","A",3.4,3.2,2.25
2014-11-30,"Empoli","Atalanta","D",2.1,3.4,3.6
2014-11-30,"Juventus","Torino","H",1.3,5,13
2014-11-30,"Milan","Udinese","H",1.62,3.75,6
2014-11-30,"Palermo","Parma","H",1.85,3.6,4.5
2014-11-30,"Roma","Inter","H",1.75,3.75,4.75
2014-12-01,"Sampdoria","Napoli","D",3.3,3.4,2.2
2014-12-05,"Fiorentina","Juventus","D",3.8,3.4,2.05
2014-12-06,"Roma","Sassuolo","D",1.33,5.25,9
2014-12-06,"Torino","Palermo","D",1.91,3.3,4.5
2014-12-07,"Atalanta","Cesena","H",1.62,3.6,6.5
2014-12-07,"Genoa","Milan","H",3.1,3.25,2.4
2014-12-07,"Inter","Udinese","A",1.5,4,7.5
2014-12-07,"Napoli","Empoli","D",1.33,5,10
2014-12-07,"Parma","Lazio","A",3.6,3.4,2.1
2014-12-08,"Cagliari","Chievo","A",1.85,3.6,4.33
2014-12-08,"Verona","Sampdoria","A",2.7,3.25,2.7
2014-12-13,"Lazio","Atalanta","H",1.57,3.8,6.5
2014-12-13,"Palermo","Sassuolo","H",2.05,3.5,3.6
2014-12-14,"Cesena","Fiorentina","A",7.5,3.8,1.53
2014-12-14,"Genoa","Roma","A",3.6,3.5,2.05
2014-12-14,"Juventus","Sampdoria","D",1.36,4.75,9
2014-12-14,"Milan","Napoli","H",2.8,3.4,2.5
2014-12-14,"Parma","Cagliari","D",2.25,3.5,3.1
2014-12-14,"Udinese","Verona","A",1.95,3.6,3.8
2014-12-15,"Chievo","Inter","A",4.2,3.4,1.95
2014-12-15,"Empoli","Torino","D",2.4,3.1,3.2
2014-12-18,"Cagliari","Juventus","A",8,4.5,1.4
2014-12-18,"Napoli","Parma","H",1.33,5,9
2014-12-20,"Roma","Milan","D",1.75,3.8,4.75
2014-12-20,"Sassuolo","Cesena","D",1.53,4,7
2014-12-21,"Atalanta","Palermo","D",2.3,3.2,3.3
2014-12-21,"Fiorentina","Empoli","D",1.45,4.2,8
2014-12-21,"Inter","Lazio","D",2.15,3.4,3.5
2014-12-21,"Sampdoria","Udinese","D",1.85,3.5,4.5
2014-12-21,"Torino","Genoa","H",2,3.3,3.8
2014-12-21,"Verona","Chievo","A",2.38,3.2,3.2
2015-01-05,"Lazio","Sampdoria","H",1.85,3.4,4.33
2015-01-06,"Cesena","Napoli","A",9.5,4.75,1.36
2015-01-06,"Chievo","Torino","D",3.1,3.1,2.5
2015-01-06,"Empoli","Verona","D",1.91,3.5,4.2
2015-01-06,"Genoa","Atalanta","D",1.95,3.3,4.33
2015-01-06,"Juventus","Inter","D",1.44,4.33,8
2015-01-06,"Milan","Sassuolo","A",1.62,3.8,6
2015-01-06,"Palermo","Cagliari","H",1.95,3.5,4
2015-01-06,"Parma","Fiorentina","H",4,3.5,1.95
2015-01-06,"Udinese","Roma","A",4.2,3.5,1.91
2015-01-10,"Sassuolo","Udinese","D",2.05,3.2,4
2015-01-10,"Torino","Milan","D",2.63,3.2,2.7
2015-01-11,"Atalanta","Chievo","D",2.05,3.2,4
2015-01-11,"Cagliari","Cesena","H",1.67,3.75,5.5
2015-01-11,"Fiorentina","Palermo","H",1.73,3.75,4.75
2015-01-11,"Inter","Genoa","H",1.62,3.8,6
2015-01-11,"Napoli","Juventus","A",2.9,3.25,2.5
2015-01-11,"Roma","Lazio","D",2.1,3.3,3.75
2015-01-11,"Sampdoria","Empoli","H",1.85,3.4,4.75
2015-01-11,"Verona","Parma","H",2.38,3.25,3.1
2015-01-17,"Empoli","Inter","D",3.5,3.25,2.2
2015-01-17,"Palermo","Roma","D",3.6,3.3,2.15
2015-01-18,"Cesena","Torino","A",4.75,3.3,1.85
2015-01-18,"Chievo","Fiorentina","A",4,3.3,2
2015-01-18,"Genoa","Sassuolo","D",2.3,3.2,3.3
2015-01-18,"Juventus","Verona","H",1.18,7,17
2015-01-18,"Lazio","Napoli","A",2.5,3.2,3
2015-01-18,"Milan","Atalanta","A",1.53,4,7
2015-01-18,"Parma","Sampdoria","A",2.6,3.1,2.88
2015-01-18,"Udinese","Cagliari","D",2.2,3.3,3.4
2015-01-24,"Cagliari","Sassuolo","H",2.3,3.25,3.25
2015-01-24,"Lazio","Milan","H",1.85,3.4,4.33
2015-01-25,"Fiorentina","Roma","D",2.4,3.2,3.1
2015-01-25,"Inter","Torino","A",1.8,3.5,4.75
2015-01-25,"Juventus","Chievo","H",1.17,7,19
2015-01-25,"Parma","Cesena","A",1.62,3.6,6.5
2015-01-25,"Sampdoria","Palermo","D",2,3.3,4
2015-01-25,"Verona","Atalanta","H",2.5,3.2,3
2015-01-26,"Empoli","Udinese","A",2,3.3,3.8
2015-01-26,"Napoli","Genoa","H",1.4,5,7.5
2015-01-31,"Genoa","Fiorentina","D",3.4,3.4,2.15
2015-01-31,"Roma","Empoli","D",1.44,4.2,8.5
2015-02-01,"Atalanta","Cagliari","H",2.2,3.2,3.5
2015-02-01,"Cesena","Lazio","H",7.5,3.8,1.53
2015-02-01,"Chievo","Napoli","A",5.25,3.6,1.73
2015-02-01,"Milan","Parma","H",1.53,4,7
2015-02-01,"Palermo","Verona","H",1.8,3.5,4.75
2015-02-01,"Sassuolo","Inter","H",3.1,3.3,2.38
2015-02-01,"Torino","Sampdoria","H",2.05,3.1,4.2
2015-02-01,"Udinese","Juventus","D",8,4.33,1.44
2015-02-07,"Juventus","Milan","H",1.33,5,10
2015-02-07,"Verona","Torino","A",3.1,3.1,2.5
2015-02-08,"Cagliari","Roma","A",4,3.4,2
2015-02-08,"Empoli","Cesena","H",1.53,4,7
2015-02-08,"Fiorentina","Atalanta","H",1.5,4.2,7
2015-02-08,"Inter","Palermo","H",1.8,3.5,4.75
2015-02-08,"Napoli","Udinese","H",1.36,5,8.5
2015-02-08,"Sampdoria","Sassuolo","D",1.8,3.5,4.75
2015-02-09,"Lazio","Genoa","A",1.57,4,6
2015-02-11,"Parma","Chievo","A",2.6,3.1,2.9
2015-02-14,"Palermo","Napoli","H",4,3.3,2
2015-02-14,"Sassuolo","Fiorentina","A",3.3,3.3,2.25
2015-02-15,"Atalanta","Inter","A",3.4,3.25,2.25
2015-02-15,"Cesena","Juventus","D",15,6,1.22
2015-02-15,"Chievo","Sampdoria","H",2.63,3.1,2.75
2015-02-15,"Genoa","Verona","H",1.85,3.6,4.33
2015-02-15,"Milan","Empoli","D",1.75,3.6,5
2015-02-15,"Roma","Parma","D",1.29,5.5,11
2015-02-15,"Torino","Cagliari","D",1.73,3.6,5
2015-02-15,"Udinese","Lazio","A",3.1,3.25,2.38
2015-02-20,"Juventus","Atalanta","H",1.17,7,19
2015-02-22,"Empoli","Chievo","H",2,3.2,4.2
2015-02-22,"Lazio","Palermo","H",1.6,3.8,6
2015-02-22,"Milan","Cesena","H",1.44,4.33,8
2015-02-22,"Verona","Roma","D",5,3.6,1.75
2015-02-22,"Fiorentina","Torino","D",1.75,3.6,5
2015-02-23,"Cagliari","Inter","A",3.3,3.25,2.3
2015-02-23,"Napoli","Sassuolo","H",1.5,4,7.5
2015-02-24,"Sampdoria","Genoa","D",2.38,3.2,3.2
2015-02-28,"Chievo","Milan","D",3,3.1,2.5
2015-03-01,"Atalanta","Sampdoria","A",2.5,3.1,3
2015-03-01,"Cagliari","Verona","A",1.95,3.5,4
2015-03-01,"Cesena","Udinese","H",3,3.1,2.5
2015-03-01,"Inter","Fiorentina","A",2.15,3.4,3.4
2015-03-01,"Palermo","Empoli","D",2.3,3.1,3.3
2015-03-01,"Sassuolo","Lazio","A",3.25,3.25,2.2
2015-03-01,"Torino","Napoli","H",3.2,3.3,2.3
2015-03-02,"Roma","Juventus","D",3.3,3.3,2.25
2015-03-07,"Milan","Verona","D",1.55,4,6.5
2015-03-07,"Sampdoria","Cagliari","H",1.85,3.5,4.5
2015-03-08,"Cesena","Palermo","D",3.4,3.25,2.25
2015-03-08,"Chievo","Roma","D",4.75,3.4,1.85
2015-03-08,"Empoli","Genoa","D",2.15,3.3,3.6
2015-03-08,"Napoli","Inter","D",1.95,3.5,4
2015-03-08,"Parma","Atalanta","D",3.75,3.2,2.15
2015-03-08,"Udinese","Torino","H",2.6,3,2.88
2015-03-09,"Juventus","Sassuolo","H",1.2,6.5,15
2015-03-09,"Lazio","Fiorentina","H",2,3.3,4
2015-03-14,"Cagliari","Empoli","D",2.4,3.3,3
2015-03-14,"Palermo","Juventus","A",4.75,3.4,1.8
2015-03-15,"Atalanta","Udinese","D",2.4,3.1,3.2
2015-03-15,"Genoa","Chievo","A",1.91,3.4,4.33
2015-03-15,"Inter","Cesena","D",1.36,4.75,9.5
2015-03-15,"Sassuolo","Parma","H",1.62,3.75,6.25
2015-03-15,"Verona","Napoli","H",4.5,3.5,1.85
2015-03-16,"Fiorentina","Milan","H",1.91,3.5,4.2
2015-03-16,"Roma","Sampdoria","A",1.65,3.6,6
2015-03-16,"Torino","Lazio","A",3.1,3.1,2.5
2015-03-21,"Chievo","Palermo","H",2.5,3.1,3
2015-03-21,"Milan","Cagliari","H",1.8,3.75,4.33
2015-03-22,"Cesena","Roma","A",5.25,3.75,1.67
2015-03-22,"Empoli","Sassuolo","H",2,3.3,4
2015-03-22,"Juventus","Genoa","H",1.33,5,10
2015-03-22,"Lazio","Verona","H",1.4,4.5,9
2015-03-22,"Napoli","Atalanta","D",1.44,4.5,7.5
2015-03-22,"Parma","Torino","A",4.33,3.4,1.91
2015-03-22,"Sampdoria","Inter","H",2.63,3.25,2.75
2015-03-22,"Udinese","Fiorentina","D",3.3,3.3,2.25
2015-04-04,"Atalanta","Torino","A",2.8,3.1,2.7
2015-04-04,"Cagliari","Lazio","A",4.5,3.6,1.83
2015-04-04,"Fiorentina","Sampdoria","H",1.73,3.6,5.25
2015-04-04,"Genoa","Udinese","D",1.95,3.4,4.2
2015-04-04,"Inter","Parma","D",1.2,6.5,15
2015-04-04,"Juventus","Empoli","H",1.36,5,8.5
2015-04-04,"Palermo","Milan","A",2.5,3.2,3
2015-04-04,"Roma","Napoli","H",2.2,3.3,3.4
2015-04-04,"Sassuolo","Chievo","H",2.15,3.1,3.75
2015-04-04,"Verona","Cesena","D",1.91,3.5,4.2
2015-04-08,"Parma","Udinese","H",4,3.2,2.05
2015-04-11,"Genoa","Cagliari","H",1.91,3.4,4
2015-04-11,"Parma","Juventus","H",9,5,1.33
2015-04-11,"Verona","Inter","A",3.4,3.3,2.2
2015-04-12,"Atalanta","Sassuolo","H",2.1,3.2,3.6
2015-04-12,"Cesena","Chievo","A",2.63,3,2.8
2015-04-12,"Lazio","Empoli","H",1.45,4.2,7.5
2015-04-12,"Milan","Sampdoria","D",1.91,3.3,4.2
2015-04-12,"Napoli","Fiorentina","H",2,3.4,3.75
2015-04-12,"Torino","Roma","D",2.75,3.2,2.6
2015-04-12,"Udinese","Palermo","A",2.25,3.1,3.4
2015-04-15,"Genoa","Parma","H",1.62,3.8,6
2015-04-18,"Juventus","Lazio","H",1.95,3.4,4.33
2015-04-18,"Sampdoria","Cesena","D",1.57,3.8,6.5
2015-04-19,"Cagliari","Napoli","A",3.8,3.6,1.95
2015-04-19,"Chievo","Udinese","D",2.25,3.1,3.6
2015-04-19,"Empoli","Parma","D",1.53,3.8,6.5
2015-04-19,"Inter","Milan","D",2.25,3.3,3.3
2015-04-19,"Palermo","Genoa","H",2.2,3.25,3.5
2015-04-19,"Roma","Atalanta","D",1.44,4.5,7.5
2015-04-19,"Sassuolo","Torino","D",3.2,3.2,2.38
2015-04-20,"Fiorentina","Verona","A",1.44,4.5,7.5
2015-04-25,"Inter","Roma","H",2.4,3.25,3.1
2015-04-25,"Udinese","Milan","H",3.1,3.25,2.38
2015-04-26,"Atalanta","Empoli","D",2.5,3,3.2
2015-04-26,"Fiorentina","Cagliari","A",1.44,4.75,7.5
2015-04-26,"Genoa","Cesena","H",1.57,4,6
2015-04-26,"Lazio","Chievo","D",1.4,4.75,8
2015-04-26,"Napoli","Sampdoria","H",1.5,4.2,7
2015-04-26,"Parma","Palermo","H",3.3,3.3,2.25
2015-04-26,"Torino","Juventus","H",4.33,3.25,1.95
2015-04-26,"Verona","Sassuolo","H",2.2,3.3,3.4
2015-04-28,"Udinese","Inter","A",3.3,3.3,2.25
2015-04-29,"Cesena","Atalanta","D",2.88,3.1,2.63
2015-04-29,"Chievo","Cagliari","H",2.1,3.5,3.5
2015-04-29,"Juventus","Fiorentina","H",1.67,3.75,5.5
2015-04-29,"Lazio","Parma","H",1.25,5.5,15
2015-04-29,"Milan","Genoa","A",1.95,3.6,3.8
2015-04-29,"Palermo","Torino","D",2.6,3.2,2.8
2015-04-29,"Sampdoria","Verona","D",1.67,3.75,5.5
2015-04-29,"Sassuolo","Roma","A",4.33,3.75,1.8
2015-04-30,"Empoli","Napoli","H",4.5,3.6,1.8
2015-05-02,"Sampdoria","Juventus","A",3,3.3,2.4
2015-05-02,"Sassuolo","Palermo","D",2.7,3.25,2.7
2015-05-03,"Atalanta","Lazio","D",5,3.75,1.73
2015-05-03,"Fiorentina","Cesena","H",1.36,5,8.5
2015-05-03,"Inter","Chievo","D",1.4,4.75,8
2015-05-03,"Napoli","Milan","H",1.5,4.33,6.5
2015-05-03,"Roma","Genoa","H",1.57,4,6
2015-05-03,"Verona","Udinese","A",2.1,3.6,3.4
2015-05-04,"Cagliari","Parma","H",1.67,3.8,5.25
2015-05-06,"Torino","Empoli","A",1.83,3.5,4.5
2015-05-09,"Juventus","Cagliari","D",1.53,4.1,6.5
2015-05-09,"Milan","Roma","H",3.8,3.5,2
2015-05-10,"Cesena","Sassuolo","A",2.55,3.4,2.75
2015-05-10,"Chievo","Verona","D",2.25,3.3,3.3
2015-05-10,"Empoli","Fiorentina","A",2.63,3.3,2.63
2015-05-10,"Lazio","Inter","A",1.8,3.75,4.33
2015-05-10,"Palermo","Atalanta","A",2.15,3.4,3.5
2015-05-10,"Parma","Napoli","D",9,5.25,1.33
2015-05-10,"Udinese","Sampdoria","A",2.6,3.2,2.75
2015-05-11,"Genoa","Torino","H",2.4,3.3,3
2015-05-16,"Inter","Juventus","A",2.25,3.3,3.3
2015-05-16,"Sampdoria","Lazio","A",3.25,3.25,2.25
2015-05-17,"Atalanta","Genoa","A",2.55,3.3,2.8
2015-05-17,"Cagliari","Palermo","A",2.05,3.6,3.5
2015-05-17,"Roma","Udinese","H",1.3,5.5,10
2015-05-17,"Sassuolo","Milan","H",3.25,3.4,2.2
2015-05-17,"Torino","Chievo","H",1.7,3.6,5.5
2015-05-17,"Verona","Empoli","H",2.6,3.3,2.75
2015-05-18,"Fiorentina","Parma","H",1.22,6.5,13
2015-05-18,"Napoli","Cesena","H",1.18,7,17
2015-05-23,"Genoa","Inter","H",2.55,3.5,2.7
2015-05-23,"Juventus","Napoli","H",3,3.3,2.4
2015-05-24,"Cesena","Cagliari","A",2.55,3.5,2.7
2015-05-24,"Chievo","Atalanta","D",2.1,3.4,3.5
2015-05-24,"Empoli","Sampdoria","D",2.4,3.4,2.9
2015-05-24,"Milan","Torino","H",2.5,3.3,2.88
2015-05-24,"Palermo","Fiorentina","A",3.4,3.5,2.15
2015-05-24,"Parma","Verona","D",2.63,3.5,2.63
2015-05-24,"Udinese","Sassuolo","A",2.05,3.5,3.6
2015-05-25,"Lazio","Roma","A",2.4,3.3,3
2015-05-30,"Atalanta","Milan","A",2.75,3.5,2.5
2015-05-30,"Verona","Juventus","D",5,3.75,1.7
2015-05-31,"Cagliari","Udinese","H",2.25,3.5,3.1
2015-05-31,"Fiorentina","Chievo","H",1.4,5,7.5
2015-05-31,"Inter","Empoli","H",1.53,4.33,6
2015-05-31,"Napoli","Lazio","A",2.1,3.5,3.5
2015-05-31,"Roma","Palermo","A",1.4,5,7.5
2015-05-31,"Sampdoria","Parma","D",1.36,5.25,8
2015-05-31,"Sassuolo","Genoa","H",2.9,3.5,2.4
2015-05-31,"Torino","Cesena","H",1.36,5,8.5
2013-08-24,"Sampdoria","Juventus","A",8,4,1.45
2013-08-24,"Verona","Milan","H",4.75,3.6,1.75
2013-08-25,"Cagliari","Atalanta","H",2.5,3,3
2013-08-25,"Inter","Genoa","H",1.62,3.75,5.5
2013-08-25,"Lazio","Udinese","H",2,3.4,3.75
2013-08-25,"Livorno","Roma","A",3.6,3.5,2
2013-08-25,"Napoli","Bologna","H",1.36,4.75,8.5
2013-08-25,"Parma","Chievo","D",1.85,3.5,4.2
2013-08-25,"Torino","Sassuolo","H",2,3.3,3.8
2013-08-26,"Fiorentina","Catania","H",1.44,4.2,7.5
2013-08-31,"Chievo","Napoli","A",4.75,3.5,1.75
2013-08-31,"Juventus","Lazio","H",1.36,4.5,9
2013-09-01,"Atalanta","Torino","H",2.1,3.2,3.6
2013-09-01,"Bologna","Sampdoria","D",2.2,3.25,3.3
2013-09-01,"Catania","Inter","A",2.75,3.2,2.6
2013-09-01,"Genoa","Fiorentina","A",4,3.3,1.95
2013-09-01,"Milan","Cagliari","H",1.4,4.5,7.5
2013-09-01,"Roma","Verona","H",1.4,4.5,8
2013-09-01,"Sassuolo","Livorno","A",1.95,3.2,4.2
2013-09-01,"Udinese","Parma","H",2.1,3.25,3.6
2013-09-14,"Inter","Juventus","D",3.5,3.3,2.1
2013-09-14,"Napoli","Atalanta","H",1.36,4.75,8.5
2013-09-14,"Torino","Milan","D",4.75,3.6,1.73
2013-09-15,"Fiorentina","Cagliari","D",1.44,4.33,7
2013-09-15,"Lazio","Chievo","H",1.67,3.75,5
2013-09-15,"Livorno","Catania","H",2.5,3.2,2.88
2013-09-15,"Sampdoria","Genoa","A",2.4,3.1,3.1
2013-09-15,"Udinese","Bologna","D",1.8,3.5,4.5
2013-09-15,"Verona","Sassuolo","H",2.25,3.2,3.25
2013-09-16,"Parma","Roma","A",3.1,3.3,2.3
2013-09-21,"Cagliari","Sampdoria","D",2.1,3.2,3.6
2013-09-21,"Chievo","Udinese","H",2.75,3.2,2.6
2013-09-21,"Genoa","Livorno","D",1.75,3.5,4.75
2013-09-22,"Atalanta","Fiorentina","A",2.8,3.4,2.4
2013-09-22,"Bologna","Torino","A",2.15,3.2,3.5
2013-09-22,"Catania","Parma","D",2.05,3.25,3.75
2013-09-22,"Juventus","Verona","H",1.17,7,15
2013-09-22,"Milan","Napoli","A",2.5,3.4,2.7
2013-09-22,"Roma","Lazio","H",2.1,3.4,3.4
2013-09-22,"Sassuolo","Inter","A",4.5,3.75,1.75
2013-09-24,"Udinese","Genoa","H",1.83,3.4,4.5
2013-09-25,"Bologna","Milan","D",3.4,3.4,2.1
2013-09-25,"Chievo","Juventus","A",7.5,4.2,1.44
2013-09-25,"Lazio","Catania","H",1.57,3.75,6
2013-09-25,"Livorno","Cagliari","D",2.75,3.1,2.63
2013-09-25,"Napoli","Sassuolo","D",1.17,7,15
2013-09-25,"Parma","Atalanta","H",1.91,3.3,4.2
2013-09-25,"Sampdoria","Roma","A",3.6,3.3,2.05
2013-09-25,"Torino","Verona","D",1.91,3.4,4
2013-09-26,"Inter","Fiorentina","H",1.91,3.4,4
2013-09-28,"Genoa","Napoli","A",4.75,3.5,1.75
2013-09-28,"Milan","Sampdoria","H",1.5,4,7
2013-09-29,"Atalanta","Udinese","H",2.5,3.2,2.88
2013-09-29,"Cagliari","Inter","D",3.8,3.3,2
2013-09-29,"Catania","Chievo","H",2.05,3.3,3.6
2013-09-29,"Roma","Bologna","H",1.33,5,9
2013-09-29,"Sassuolo","Lazio","D",4.5,3.4,1.83
2013-09-29,"Torino","Juventus","A",6.5,4.1,1.5
2013-09-29,"Verona","Livorno","H",1.91,3.3,4.2
2013-09-30,"Fiorentina","Parma","D",1.57,3.8,6
2013-10-06,"Bologna","Verona","A",2.1,3.3,3.5
2013-10-06,"Catania","Genoa","D",2.1,3.4,3.4
2013-10-06,"Napoli","Livorno","H",1.22,5.25,17
2013-10-06,"Parma","Sassuolo","H",1.57,3.75,6
2013-10-06,"Sampdoria","Torino","D",2.4,3.2,3
2013-10-06,"Udinese","Cagliari","H",1.83,3.5,4.33
2013-10-06,"Juventus","Milan","H",1.57,4,5.5
2013-10-06,"Lazio","Fiorentina","D",2.25,3.4,3.1
2013-10-05,"Chievo","Atalanta","A",2.2,3.2,3.4
2013-10-05,"Inter","Roma","A",2.25,3.5,3
2013-10-18,"Roma","Napoli","H",2.1,3.3,3.5
2013-10-19,"Cagliari","Catania","H",1.91,3.3,4.2
2013-10-19,"Milan","Udinese","H",1.67,3.6,5.25
2013-10-20,"Atalanta","Lazio","H",2.7,3.2,2.6
2013-10-20,"Fiorentina","Juventus","H",3.5,3.3,2.1
2013-10-20,"Genoa","Chievo","H",2,3.4,3.75
2013-10-20,"Livorno","Sampdoria","A",2.3,3.2,3.1
2013-10-20,"Sassuolo","Bologna","H",2.38,3.2,3
2013-10-20,"Verona","Parma","H",2.3,3.2,3.1
2013-10-20,"Torino","Inter","D",3.4,3.5,2.05
2013-10-26,"Inter","Verona","H",1.44,4.2,7.5
2013-10-26,"Sampdoria","Atalanta","H",2.3,3.2,3.2
2013-10-27,"Bologna","Livorno","H",2,3.3,3.8
2013-10-27,"Catania","Sassuolo","D",1.83,3.5,4.33
2013-10-27,"Chievo","Fiorentina","A",3.8,3.4,2
2013-10-27,"Juventus","Genoa","H",1.2,6,15
2013-10-27,"Lazio","Cagliari","H",1.83,3.4,4.5
2013-10-27,"Napoli","Torino","H",1.33,5,8.5
2013-10-27,"Parma","Milan","H",3.3,3.3,2.2
2013-10-27,"Udinese","Roma","A",3.3,3.4,2.15
2013-10-29,"Atalanta","Inter","D",3.8,3.3,2
2013-10-30,"Cagliari","Bologna","A",1.75,3.5,4.75
2013-10-30,"Fiorentina","Napoli","A",2.5,3.3,2.8
2013-10-30,"Genoa","Parma","H",2.4,3.2,3
2013-10-30,"Juventus","Catania","H",1.18,6.25,17
2013-10-30,"Livorno","Torino","D",2.8,3.1,2.6
2013-10-30,"Milan","Lazio","D",1.73,3.5,5
2013-10-30,"Sassuolo","Udinese","A",2.88,3.3,2.4
2013-10-30,"Verona","Sampdoria","H",2,3.4,3.75
2013-10-31,"Roma","Chievo","H",1.22,6,12
2013-11-02,"Milan","Fiorentina","A",2.05,3.5,3.5
2013-11-02,"Napoli","Catania","H",1.22,6,13
2013-11-02,"Parma","Juventus","A",4.5,3.75,1.73
2013-11-03,"Lazio","Genoa","A",1.57,3.8,6
2013-11-03,"Livorno","Atalanta","H",2.7,3.1,2.7
2013-11-03,"Sampdoria","Sassuolo","A",1.95,3.5,3.8
2013-11-03,"Torino","Roma","D",4,3.5,1.91
2013-11-03,"Udinese","Inter","A",2.63,3.3,2.63
2013-11-03,"Verona","Cagliari","H",2.05,3.4,3.5
2013-11-04,"Bologna","Chievo","D",2.05,3.3,3.6
2013-11-09,"Catania","Udinese","H",2.9,3.1,2.5
2013-11-09,"Inter","Livorno","H",1.3,5,10
2013-11-10,"Atalanta","Bologna","H",2.05,3.3,3.6
2013-11-10,"Cagliari","Torino","H",2,3.3,3.8
2013-11-10,"Chievo","Milan","D",3.8,3.3,2
2013-11-10,"Genoa","Verona","H",2.25,3.25,3.25
2013-11-10,"Parma","Lazio","D",2.3,3.2,3.2
2013-11-10,"Roma","Sassuolo","D",1.22,6,13
2013-11-10,"Fiorentina","Sampdoria","H",1.4,4.5,8
2013-11-10,"Juventus","Napoli","H",1.73,3.6,4.75
2013-11-23,"Milan","Genoa","D",1.44,4.2,7.5
2013-11-23,"Napoli","Parma","A",1.44,4.5,6.5
2013-11-23,"Verona","Chievo","A",2.1,3.3,3.5
2013-11-24,"Bologna","Inter","D",4,3.4,1.91
2013-11-24,"Livorno","Juventus","A",8.5,4.75,1.36
2013-11-24,"Sampdoria","Lazio","D",3,3.2,2.38
2013-11-24,"Sassuolo","Atalanta","H",2.2,3.2,3.4
2013-11-24,"Torino","Catania","H",1.8,3.5,4.5
2013-11-24,"Udinese","Fiorentina","H",2.8,3.1,2.6
2013-11-25,"Roma","Cagliari","D",1.44,4.33,7
2013-11-30,"Genoa","Torino","D",2.38,3.2,3.1
2013-11-30,"Parma","Bologna","D",1.8,3.5,4.5
2013-12-01,"Atalanta","Roma","D",4,3.4,1.91
2013-12-01,"Cagliari","Sassuolo","D",1.83,3.5,4.33
2013-12-01,"Catania","Milan","A",4.75,3.6,1.75
2013-12-01,"Chievo","Livorno","H",1.91,3.4,4
2013-12-01,"Inter","Sampdoria","D",1.4,4.5,8
2013-12-01,"Juventus","Udinese","H",1.3,5,10
2013-12-02,"Fiorentina","Verona","H",1.44,4.33,7
2013-12-02,"Lazio","Napoli","A",3.1,3.3,2.3
2013-12-06,"Bologna","Juventus","A",8.5,4.33,1.4
2013-12-07,"Livorno","Milan","D",5.5,3.75,1.62
2013-12-07,"Napoli","Udinese","D",1.57,3.75,6
2013-12-08,"Cagliari","Genoa","H",1.95,3.3,4
2013-12-08,"Inter","Parma","D",1.65,3.75,5.5
2013-12-08,"Roma","Fiorentina","H",1.91,3.4,4
2013-12-08,"Sampdoria","Catania","H",1.73,3.6,4.75
2013-12-08,"Sassuolo","Chievo","A",2.1,3.2,3.6
2013-12-08,"Torino","Lazio","H",2.38,3.2,3
2013-12-08,"Verona","Atalanta","H",1.95,3.3,4
2013-12-14,"Catania","Verona","D",2.7,3,2.75
2013-12-15,"Chievo","Sampdoria","A",2.25,3,3.5
2013-12-15,"Fiorentina","Bologna","H",1.44,4.33,7
2013-12-15,"Genoa","Atalanta","D",2.15,3.25,3.4
2013-12-15,"Juventus","Sassuolo","H",1.17,6.5,17
2013-12-15,"Lazio","Livorno","H",1.5,4,7
2013-12-15,"Napoli","Inter","H",1.91,3.5,4
2013-12-15,"Parma","Cagliari","D",1.8,3.6,4.33
2013-12-15,"Udinese","Torino","A",1.91,3.4,4
2013-12-16,"Milan","Roma","D",2.3,3.3,3.1
2013-12-21,"Cagliari","Napoli","D",3.5,3.4,2.05
2013-12-21,"Livorno","Udinese","A",3.1,3.1,2.4
2013-12-22,"Atalanta","Juventus","A",7.5,4.2,1.44
2013-12-22,"Bologna","Genoa","H",2.1,3.25,3.5
2013-12-22,"Inter","Milan","H",2.63,3.3,2.63
2013-12-22,"Roma","Catania","H",1.22,6.5,11
2013-12-22,"Sampdoria","Parma","D",2.5,3.2,2.88
2013-12-22,"Sassuolo","Fiorentina","A",4.33,3.4,1.85
2013-12-22,"Torino","Chievo","H",1.83,3.3,4.75
2013-12-22,"Verona","Lazio","H",2.7,3.2,2.63
2014-01-05,"Chievo","Cagliari","D",2.38,3,3.25
2014-01-05,"Fiorentina","Livorno","H",1.33,4.75,10
2014-01-05,"Juventus","Roma","H",1.67,3.75,5
2014-01-06,"Catania","Bologna","H",2.1,3.2,3.6
2014-01-06,"Genoa","Sassuolo","H",2.1,3.3,3.5
2014-01-06,"Lazio","Inter","H",2.4,3.3,2.88
2014-01-06,"Milan","Atalanta","H",1.44,4.2,7.5
2014-01-06,"Napoli","Sampdoria","H",1.36,4.75,8
2014-01-06,"Parma","Torino","H",2.05,3.3,3.6
2014-01-06,"Udinese","Verona","A",1.8,3.4,4.75
2014-01-11,"Bologna","Lazio","D",3.1,3.1,2.38
2014-01-11,"Livorno","Parma","A",3,3.2,2.38
2014-01-12,"Atalanta","Catania","H",1.85,3.4,4.33
2014-01-12,"Cagliari","Juventus","A",7,4.33,1.44
2014-01-12,"Roma","Genoa","H",1.36,4.5,9
2014-01-12,"Sassuolo","Milan","H",5,3.6,1.7
2014-01-12,"Torino","Fiorentina","D",2.8,3.3,2.5
2014-01-12,"Verona","Napoli","A",3.8,3.5,1.95
2014-01-13,"Inter","Chievo","D",1.44,4.33,7
2014-01-13,"Sampdoria","Udinese","H",2.38,3.2,3
2014-01-18,"Juventus","Sampdoria","H",1.17,6.5,17
2014-01-18,"Roma","Livorno","H",1.18,6.5,15
2014-01-19,"Atalanta","Cagliari","H",2.45,3.1,3
2014-01-19,"Bologna","Napoli","D",5,3.75,1.67
2014-01-19,"Catania","Fiorentina","A",3.6,3.4,2.05
2014-01-19,"Chievo","Parma","A",2.8,3.1,2.6
2014-01-19,"Genoa","Inter","H",3.9,3.4,1.95
2014-01-19,"Milan","Verona","H",1.44,4.33,7
2014-01-19,"Sassuolo","Torino","A",2.7,3.2,2.6
2014-01-19,"Udinese","Lazio","A",2.5,3.1,2.9
2014-01-25,"Lazio","Juventus","D",4.75,3.6,1.73
2014-01-25,"Napoli","Chievo","D",1.29,5.25,10
2014-01-26,"Cagliari","Milan","A",3.8,3.3,2
2014-01-26,"Inter","Catania","D",1.33,4.75,9.5
2014-01-26,"Livorno","Sassuolo","H",2.4,3.1,3.1
2014-01-26,"Parma","Udinese","H",2,3.3,3.8
2014-01-26,"Sampdoria","Bologna","D",1.75,3.4,5
2014-01-26,"Torino","Atalanta","H",1.75,3.4,5
2014-01-26,"Verona","Roma","A",4.75,3.6,1.75
2014-01-26,"Fiorentina","Genoa","D",1.33,4.75,10
2014-02-01,"Bologna","Udinese","A",2.5,3.1,2.9
2014-02-01,"Cagliari","Fiorentina","H",3.25,3.2,2.25
2014-02-01,"Milan","Torino","D",1.6,3.8,5.75
2014-02-02,"Atalanta","Napoli","H",4.33,3.4,1.85
2014-02-02,"Catania","Livorno","D",1.91,3.4,4
2014-02-02,"Chievo","Lazio","A",3.1,3.1,2.4
2014-02-02,"Sassuolo","Verona","A",2.38,3.2,3
2014-02-02,"Juventus","Inter","H",1.4,4.5,7.5
2014-02-03,"Genoa","Sampdoria","A",2.5,3.2,2.88
2014-02-08,"Fiorentina","Atalanta","H",1.44,4.33,7
2014-02-08,"Napoli","Milan","H",2,3.4,3.75
2014-02-08,"Udinese","Chievo","H",1.83,3.4,4.5
2014-02-09,"Lazio","Roma","D",3.75,3.4,2
2014-02-09,"Livorno","Genoa","A",2.4,3.2,3
2014-02-09,"Parma","Catania","D",1.57,3.6,6.5
2014-02-09,"Sampdoria","Cagliari","H",2.1,3.25,3.5
2014-02-09,"Torino","Bologna","A",1.57,3.75,6
2014-02-09,"Verona","Juventus","D",8,4.5,1.4
2014-02-09,"Inter","Sassuolo","H",1.33,4.75,10
2014-02-14,"Milan","Bologna","H",1.33,5,9
2014-02-15,"Fiorentina","Inter","A",2.1,3.4,3.4
2014-02-16,"Atalanta","Parma","A",2.5,3.25,2.8
2014-02-16,"Cagliari","Livorno","A",1.75,3.4,5
2014-02-16,"Catania","Lazio","H",3.3,3.2,2.25
2014-02-16,"Genoa","Udinese","D",2.75,3.1,2.63
2014-02-16,"Juventus","Chievo","H",1.14,7.5,17
2014-02-16,"Sassuolo","Napoli","A",6,3.8,1.57
2014-02-16,"Roma","Sampdoria","H",1.33,5,9
2014-02-17,"Verona","Torino","A",2.3,3.3,3.1
2014-02-22,"Bologna","Roma","A",7,4,1.5
2014-02-23,"Chievo","Catania","H",2.15,3.1,3.6
2014-02-23,"Inter","Cagliari","D",1.44,4.2,7.5
2014-02-23,"Juventus","Torino","H",1.22,6,12
2014-02-23,"Livorno","Verona","A",2.38,3.25,3
2014-02-23,"Sampdoria","Milan","A",3.2,3.2,2.3
2014-02-23,"Udinese","Atalanta","D",1.75,3.4,5
2014-02-23,"Lazio","Sassuolo","H",1.44,4.2,7.5
2014-02-24,"Napoli","Genoa","D",1.29,5,12
2014-02-24,"Parma","Fiorentina","D",2.4,3.2,3
2014-03-01,"Roma","Inter","D",1.62,3.8,5.5
2014-03-02,"Atalanta","Chievo","H",2.05,3.25,3.75
2014-03-02,"Cagliari","Udinese","H",2.38,3.2,3
2014-03-02,"Fiorentina","Lazio","A",1.91,3.3,4.2
2014-03-02,"Genoa","Catania","H",2.1,3.25,3.6
2014-03-02,"Livorno","Napoli","D",6,4,1.53
2014-03-02,"Milan","Juventus","A",3.6,3.5,2
2014-03-02,"Sassuolo","Parma","A",3.5,3.4,2.05
2014-03-02,"Torino","Sampdoria","A",1.83,3.25,4.75
2014-03-02,"Verona","Bologna","D",1.91,3.5,4
2014-03-08,"Catania","Cagliari","D",2.2,3.25,3.3
2014-03-08,"Udinese","Milan","H",3,3.25,2.38
2014-03-09,"Bologna","Sassuolo","D",1.91,3.4,4
2014-03-09,"Chievo","Genoa","H",2.1,3.2,3.6
2014-03-09,"Inter","Torino","H",1.57,4,5.5
2014-03-09,"Juventus","Fiorentina","H",1.4,4.6,7.5
2014-03-09,"Lazio","Atalanta","A",1.57,3.8,6
2014-03-09,"Napoli","Roma","H",2.2,3.3,3.3
2014-03-09,"Parma","Verona","H",1.73,3.7,4.6
2014-03-09,"Sampdoria","Livorno","H",1.75,3.4,5
2014-03-15,"Verona","Inter","A",3.25,3.4,2.15
2014-03-16,"Atalanta","Sampdoria","H",2.25,3.2,3.3
2014-03-16,"Cagliari","Lazio","A",2.75,3.1,2.63
2014-03-16,"Fiorentina","Chievo","H",1.53,4,6
2014-03-16,"Genoa","Juventus","A",7,4.33,1.44
2014-03-16,"Livorno","Bologna","H",2.2,3.2,3.4
2014-03-16,"Milan","Parma","A",1.8,3.6,4.33
2014-03-16,"Sassuolo","Catania","H",2.2,3.2,3.4
2014-03-17,"Roma","Udinese","H",1.36,4.5,9.5
2014-03-17,"Torino","Napoli","A",3.4,3.3,2.15
2014-03-22,"Chievo","Roma","A",6.5,3.6,1.57
2014-03-22,"Torino","Livorno","H",1.62,3.6,6
2014-03-23,"Bologna","Cagliari","H",2.3,3.1,3.25
2014-03-23,"Catania","Juventus","A",8,4.5,1.4
2014-03-23,"Inter","Atalanta","A",1.44,4.2,7.5
2014-03-23,"Lazio","Milan","D",2.5,3.2,2.88
2014-03-23,"Napoli","Fiorentina","A",1.83,3.5,4.33
2014-03-23,"Parma","Genoa","D",1.57,3.75,6
2014-03-23,"Sampdoria","Verona","H",2,3.3,3.8
2014-03-23,"Udinese","Sassuolo","H",1.62,3.6,6
2014-03-25,"Roma","Torino","H",1.4,4.5,8
2014-03-26,"Atalanta","Livorno","H",1.83,3.4,4.5
2014-03-26,"Cagliari","Verona","H",2.1,3.25,3.5
2014-03-26,"Catania","Napoli","A",4.75,3.6,1.75
2014-03-26,"Chievo","Bologna","H",2.1,3,4
2014-03-26,"Fiorentina","Milan","A",2.2,3.3,3.25
2014-03-26,"Genoa","Lazio","H",3,3.2,2.4
2014-03-26,"Juventus","Parma","H",1.33,5,9
2014-03-26,"Sassuolo","Sampdoria","A",2.6,3.2,2.75
2014-03-27,"Inter","Udinese","D",1.67,3.75,5
2014-03-29,"Bologna","Atalanta","A",2.3,3.1,3.25
2014-03-29,"Milan","Chievo","H",1.4,4.5,8
2014-03-30,"Lazio","Parma","H",2.1,3.3,3.5
2014-03-30,"Napoli","Juventus","H",2.8,3.3,2.5
2014-03-30,"Sampdoria","Fiorentina","D",2.88,3.2,2.5
2014-03-30,"Sassuolo","Roma","A",7,3.75,1.53
2014-03-30,"Torino","Cagliari","H",1.85,3.4,4.33
2014-03-30,"Verona","Genoa","H",2.2,3.2,3.4
2014-03-31,"Livorno","Inter","D",4,3.5,1.91
2014-03-31,"Udinese","Catania","H",1.73,3.5,5
2014-04-02,"Roma","Parma","H",1.4,4.75,7
2014-04-05,"Chievo","Verona","A",2.38,3.1,3.1
2014-04-05,"Inter","Bologna","D",1.36,4.5,9
2014-04-06,"Atalanta","Sassuolo","A",1.8,3.6,4.33
2014-04-06,"Cagliari","Roma","A",6,3.6,1.62
2014-04-06,"Catania","Torino","A",2.5,3.2,2.88
2014-04-06,"Fiorentina","Udinese","H",1.65,3.75,5.25
2014-04-06,"Lazio","Sampdoria","H",1.75,3.5,4.75
2014-04-06,"Parma","Napoli","H",3,3.25,2.38
2014-04-07,"Genoa","Milan","A",3.8,3.3,2
2014-04-07,"Juventus","Livorno","H",1.14,7.5,17
2014-04-12,"Roma","Atalanta","H",1.33,4.75,10
2014-04-12,"Sassuolo","Cagliari","D",2.5,3.1,2.9
2014-04-13,"Bologna","Parma","D",3.1,3.3,2.3
2014-04-13,"Livorno","Chievo","A",2.3,3.1,3.2
2014-04-13,"Napoli","Lazio","H",1.62,4,5.25
2014-04-13,"Sampdoria","Inter","A",3.2,3.3,2.25
2014-04-13,"Torino","Genoa","H",1.83,3.4,4.5
2014-04-13,"Verona","Fiorentina","A",3.2,3.3,2.25
2014-04-13,"Milan","Catania","H",1.33,5.25,8
2014-04-14,"Udinese","Juventus","A",5.5,3.8,1.62
2014-04-19,"Atalanta","Verona","A",2.05,3.1,4
2014-04-19,"Catania","Sampdoria","H",2.2,3.4,3.2
2014-04-19,"Chievo","Sassuolo","A",2,3.3,3.75
2014-04-19,"Fiorentina","Roma","A",3.1,3.4,2.25
2014-04-19,"Genoa","Cagliari","A",2.2,3.1,3.5
2014-04-19,"Juventus","Bologna","H",1.17,7,15
2014-04-19,"Lazio","Torino","D",1.8,3.3,4.75
2014-04-19,"Milan","Livorno","H",1.25,5.5,12
2014-04-19,"Parma","Inter","A",2.4,3.3,2.88
2014-04-19,"Udinese","Napoli","D",3.5,3.5,2.05
2014-04-25,"Roma","Milan","H",1.8,3.75,4.2
2014-04-26,"Bologna","Fiorentina","A",3.4,3.4,2.1
2014-04-26,"Inter","Napoli","D",2.25,3.4,3.1
2014-04-27,"Atalanta","Genoa","D",2.2,3.25,3.3
2014-04-27,"Cagliari","Parma","H",3,3.25,2.38
2014-04-27,"Livorno","Lazio","A",3.1,3.4,2.25
2014-04-27,"Sampdoria","Chievo","H",2.4,3.1,3.1
2014-04-27,"Torino","Udinese","H",1.91,3.25,4.33
2014-04-27,"Verona","Catania","H",2.2,3.5,3.1
2014-04-28,"Sassuolo","Juventus","A",7,4.75,1.4
2014-05-04,"Catania","Roma","H",6.5,4.5,1.44
2014-05-04,"Chievo","Torino","A",2.75,3.2,2.6
2014-05-04,"Genoa","Bologna","D",2.5,3.2,2.88
2014-05-04,"Parma","Sampdoria","H",1.5,3.75,7.5
2014-05-04,"Udinese","Livorno","H",1.83,3.6,4.2
2014-05-04,"Milan","Inter","H",2.4,3.4,2.8
2014-05-05,"Juventus","Atalanta","H",1.17,7,15
2014-05-05,"Lazio","Verona","D",1.62,4,5.25
2014-05-06,"Fiorentina","Sassuolo","A",1.65,4,4.75
2014-05-06,"Napoli","Cagliari","H",1.44,4.33,7
2014-05-10,"Inter","Lazio","H",1.73,3.75,4.5
2014-05-10,"Verona","Udinese","D",2.2,3.5,3.1
2014-05-11,"Atalanta","Milan","H",5.5,3.8,1.62
2014-05-11,"Bologna","Catania","A",2,3.5,3.6
2014-05-11,"Cagliari","Chievo","A",3.6,3.25,2.1
2014-05-11,"Livorno","Fiorentina","A",4.33,3.6,1.8
2014-05-11,"Roma","Juventus","A",2.4,3.4,2.8
2014-05-11,"Sampdoria","Napoli","A",3.3,3.4,2.15
2014-05-11,"Sassuolo","Genoa","H",1.53,3.8,6.5
2014-05-11,"Torino","Parma","D",2.1,3.5,3.3
2014-05-17,"Udinese","Sampdoria","D",1.73,3.8,4.5
2014-05-18,"Catania","Atalanta","H",2.25,3.4,3.1
2014-05-18,"Chievo","Inter","H",4,3.3,1.95
2014-05-18,"Fiorentina","Torino","D",3.6,3.6,1.95
2014-05-18,"Genoa","Roma","H",4.5,3.8,1.73
2014-05-18,"Juventus","Cagliari","H",1.22,6.5,11
2014-05-18,"Lazio","Bologna","H",1.44,4.33,7
2014-05-18,"Milan","Sassuolo","H",1.29,5.75,9
2014-05-18,"Napoli","Verona","H",1.44,4.5,6.5
2014-05-18,"Parma","Livorno","H",1.22,6,12
2008-08-30,"Sampdoria","Inter","D",4.33,3.2,1.91
2008-08-30,"Udinese","Palermo","H",2.1,3.1,3.8
2008-08-31,"Atalanta","Siena","H",2.05,3.1,4
2008-08-31,"Cagliari","Lazio","A",3,3,2.5
2008-08-31,"Catania","Genoa","H",2.4,3,3.2
2008-08-31,"Chievo","Reggina","H",2.15,3,3.75
2008-08-31,"Fiorentina","Juventus","D",2.75,3,2.75
2008-08-31,"Milan","Bologna","A",1.3,4.75,12
2008-08-31,"Roma","Napoli","D",1.57,3.6,6.5
2008-08-31,"Torino","Lecce","H",1.8,3.1,5.25
2008-09-13,"Inter","Catania","H",1.25,5,15
2008-09-13,"Palermo","Roma","H",3.5,3.1,2.2
2008-09-14,"Bologna","Atalanta","A",2.2,3,3.6
2008-09-14,"Genoa","Milan","H",4.5,3.1,1.91
2008-09-14,"Juventus","Udinese","H",1.53,3.75,7
2008-09-14,"Lazio","Sampdoria","H",2.2,3,3.6
2008-09-14,"Lecce","Chievo","H",2.38,3,3.2
2008-09-14,"Napoli","Fiorentina","H",2.6,3,2.88
2008-09-14,"Reggina","Torino","D",2.5,3,3
2008-09-14,"Siena","Cagliari","H",1.91,3.1,4.5
2008-09-20,"Catania","Atalanta","H",2.35,2.9,3.4
2008-09-20,"Roma","Reggina","H",1.33,4.75,10
2008-09-21,"Cagliari","Juventus","A",6.25,3.5,1.62
2008-09-21,"Fiorentina","Bologna","H",1.53,3.6,7.5
2008-09-21,"Lecce","Siena","D",2.25,2.88,3.6
2008-09-21,"Milan","Lazio","H",1.73,3.3,5.5
2008-09-21,"Palermo","Genoa","H",2.1,3.1,3.8
2008-09-21,"Sampdoria","Chievo","D",1.62,3.5,6.25
2008-09-21,"Torino","Inter","A",5.75,3.4,1.67
2008-09-21,"Udinese","Napoli","D",2.1,3.1,3.75
2008-09-24,"Atalanta","Cagliari","H",1.73,3.3,5.5
2008-09-24,"Bologna","Udinese","A",2.65,2.9,2.9
2008-09-24,"Chievo","Torino","D",2.25,2.9,3.6
2008-09-24,"Genoa","Roma","H",4.2,3,2.05
2008-09-24,"Inter","Lecce","H",1.17,6.5,19
2008-09-24,"Juventus","Catania","D",1.25,5.25,13
2008-09-24,"Lazio","Fiorentina","H",2.4,3,3.2
2008-09-24,"Napoli","Palermo","H",2.05,3.1,4
2008-09-24,"Reggina","Milan","A",6.5,3.6,1.57
2008-09-24,"Siena","Sampdoria","D",2.75,2.9,2.8
2008-09-27,"Fiorentina","Genoa","H",1.75,3.3,5.25
2008-09-27,"Sampdoria","Juventus","D",3.4,3,2.3
2008-09-28,"Bologna","Napoli","A",2.7,3,2.75
2008-09-28,"Catania","Chievo","H",2.05,3,4.2
2008-09-28,"Lecce","Cagliari","H",2,3,4.33
2008-09-28,"Milan","Inter","H",2.88,2.88,2.75
2008-09-28,"Palermo","Reggina","H",1.62,3.4,6.5
2008-09-28,"Roma","Atalanta","H",1.57,3.6,6.5
2008-09-28,"Torino","Lazio","A",2.75,3,2.7
2008-09-28,"Udinese","Siena","H",1.62,3.4,6.5
2008-10-04,"Inter","Bologna","H",1.22,6,13
2008-10-04,"Lazio","Lecce","D",1.44,4,8
2008-10-05,"Atalanta","Sampdoria","H",2.4,3,3.2
2008-10-05,"Cagliari","Milan","D",8,4,1.44
2008-10-05,"Chievo","Fiorentina","A",3.25,3,2.38
2008-10-05,"Genoa","Napoli","H",2.1,3.1,3.75
2008-10-05,"Juventus","Palermo","A",1.53,3.75,7
2008-10-05,"Reggina","Catania","D",2.5,2.88,3.2
2008-10-05,"Siena","Roma","H",4,3.2,2
2008-10-05,"Udinese","Torino","H",1.67,3.4,6
2008-10-18,"Fiorentina","Reggina","H",1.44,3.8,9
2008-10-18,"Napoli","Juventus","H",2.5,3,3.1
2008-10-19,"Bologna","Lazio","H",3.5,3.1,2.2
2008-10-19,"Catania","Palermo","H",2.5,3,3
2008-10-19,"Chievo","Atalanta","D",2.5,2.88,3.2
2008-10-19,"Genoa","Siena","H",1.83,3.1,5
2008-10-19,"Lecce","Udinese","D",3,3,2.5
2008-10-19,"Milan","Sampdoria","H",1.4,4,9.5
2008-10-19,"Roma","Inter","A",3.4,3,2.3
2008-10-19,"Torino","Cagliari","A",1.83,3.1,5
2008-10-25,"Juventus","Torino","H",1.57,3.6,7
2008-10-25,"Siena","Catania","D",2.25,2.9,3.6
2008-10-26,"Atalanta","Milan","A",4.75,3.25,1.83
2008-10-26,"Cagliari","Chievo","H",2.1,3,4
2008-10-26,"Inter","Genoa","D",1.3,5,11
2008-10-26,"Lazio","Napoli","A",2.1,3.1,3.75
2008-10-26,"Palermo","Fiorentina","A",2.4,3,3.2
2008-10-26,"Reggina","Lecce","H",2.2,3,3.6
2008-10-26,"Sampdoria","Bologna","H",1.7,3.3,5.75
2008-10-26,"Udinese","Roma","H",2.4,3.1,3.1
2008-10-29,"Bologna","Juventus","A",4.75,3.3,1.83
2008-10-29,"Catania","Udinese","A",2.6,3,2.88
2008-10-29,"Chievo","Lazio","A",3.25,3.1,2.3
2008-10-29,"Fiorentina","Inter","D",3.25,3.1,2.3
2008-10-29,"Genoa","Cagliari","H",1.62,3.4,5.5
2008-10-29,"Lecce","Palermo","D",2.62,3,2.88
2008-10-29,"Milan","Siena","H",1.22,6,13
2008-10-29,"Napoli","Reggina","H",1.44,4,9
2008-10-29,"Torino","Atalanta","H",2.4,3,3.2
2008-11-01,"Juventus","Roma","H",2.2,2.9,3.75
2008-11-01,"Reggina","Inter","A",9,4.2,1.4
2008-11-02,"Atalanta","Lecce","D",1.85,3.2,4.75
2008-11-02,"Cagliari","Bologna","H",2,2.9,4.5
2008-11-02,"Lazio","Catania","H",1.65,3.25,6.5
2008-11-02,"Milan","Napoli","H",1.62,3.6,6
2008-11-02,"Palermo","Chievo","H",1.65,3.4,6
2008-11-02,"Sampdoria","Torino","H",1.75,3.2,5.5
2008-11-02,"Siena","Fiorentina","H",3,3,2.5
2008-11-02,"Udinese","Genoa","D",1.8,3.2,5
2008-11-08,"Bologna","Roma","D",5.25,3.25,1.75
2008-11-08,"Torino","Palermo","H",2.38,3,3.25
2008-11-09,"Catania","Cagliari","H",2.1,3,4
2008-11-09,"Chievo","Juventus","A",6.5,3.6,1.57
2008-11-09,"Fiorentina","Atalanta","H",1.53,3.6,7.5
2008-11-09,"Genoa","Reggina","H",1.53,3.75,7
2008-11-09,"Inter","Udinese","H",1.53,3.6,7.5
2008-11-09,"Lazio","Siena","H",1.57,3.6,7
2008-11-09,"Lecce","Milan","D",7,3.6,1.57
2008-11-09,"Napoli","Sampdoria","H",1.8,3.25,5
2008-11-13,"Juventus","Genoa","H",1.57,3.5,7
2008-11-15,"Palermo","Inter","A",4.33,3.2,1.91
2008-11-16,"Atalanta","Napoli","H",2.8,2.88,2.75
2008-11-16,"Cagliari","Fiorentina","H",3.1,3.1,2.4
2008-11-16,"Catania","Torino","H",2.15,2.88,4
2008-11-16,"Milan","Chievo","H",1.22,5.5,15
2008-11-16,"Roma","Lazio","H",2.3,3,3.4
2008-11-16,"Sampdoria","Lecce","H",1.62,3.3,7
2008-11-16,"Siena","Bologna","D",1.91,3.1,4.5
2008-11-16,"Udinese","Reggina","A",1.4,4,9.5
2008-11-22,"Fiorentina","Udinese","H",1.91,3.1,4.5
2008-11-22,"Inter","Juventus","H",2.1,3.1,3.75
2008-11-23,"Bologna","Palermo","D",2.5,3,3
2008-11-23,"Chievo","Siena","A",2.2,3,3.6
2008-11-23,"Lazio","Genoa","D",2,3.1,4.2
2008-11-23,"Lecce","Roma","A",4,3.2,2
2008-11-23,"Napoli","Cagliari","D",1.57,3.6,6.5
2008-11-23,"Reggina","Atalanta","H",2.5,3,3.1
2008-11-23,"Sampdoria","Catania","H",1.67,3.4,6
2008-11-23,"Torino","Milan","D",5.25,3.4,1.73
2008-11-29,"Catania","Lecce","D",1.85,3.1,5
2008-11-29,"Juventus","Reggina","H",1.29,5,12
2008-11-30,"Atalanta","Lazio","H",2.5,3,3
2008-11-30,"Cagliari","Sampdoria","H",2.5,3,3
2008-11-30,"Genoa","Bologna","D",1.62,3.4,6.5
2008-11-30,"Inter","Napoli","H",1.5,3.8,7.5
2008-11-30,"Palermo","Milan","H",3.75,3.1,2.1
2008-11-30,"Roma","Fiorentina","H",1.91,3.2,4.33
2008-11-30,"Siena","Torino","H",2.1,3,4
2008-11-30,"Udinese","Chievo","A",1.44,4,8
2008-12-06,"Chievo","Roma","A",5.5,3.4,1.73
2008-12-06,"Lazio","Inter","A",3.75,3.1,2.1
2008-12-07,"Atalanta","Udinese","H",2.3,3.1,3.3
2008-12-07,"Cagliari","Palermo","H",2.5,3,3
2008-12-07,"Lecce","Juventus","A",5.5,3.4,1.73
2008-12-07,"Milan","Catania","H",1.29,5,12
2008-12-07,"Napoli","Siena","H",1.62,3.5,6.5
2008-12-07,"Reggina","Bologna","D",2.1,3,4
2008-12-07,"Sampdoria","Genoa","A",2.38,3,3.25
2008-12-07,"Torino","Fiorentina","A",3.2,3,2.4
2008-12-13,"Bologna","Torino","H",2.2,3,3.6
2008-12-13,"Napoli","Lecce","H",1.44,3.8,9
2008-12-14,"Fiorentina","Catania","H",1.5,3.75,7.5
2008-12-14,"Genoa","Atalanta","D",1.91,3.1,4.5
2008-12-14,"Inter","Chievo","H",1.17,6.5,19
2008-12-14,"Juventus","Milan","H",2.2,3,3.6
2008-12-14,"Palermo","Siena","H",1.75,3.2,5.25
2008-12-14,"Reggina","Sampdoria","A",2.4,2.88,3.3
2008-12-14,"Roma","Cagliari","H",1.4,3.8,11
2008-12-14,"Udinese","Lazio","D",2.3,3,3.4
2008-12-20,"Lazio","Palermo","H",1.9,3.1,4.5
2008-12-20,"Siena","Inter","A",5.5,3.6,1.66
2008-12-21,"Atalanta","Juventus","A",4.5,3.1,1.95
2008-12-21,"Cagliari","Reggina","D",1.75,3.25,5.5
2008-12-21,"Catania","Roma","H",5,3.2,1.83
2008-12-21,"Chievo","Genoa","A",2.5,3,3
2008-12-21,"Lecce","Bologna","D",2.1,2.9,4.2
2008-12-21,"Milan","Udinese","H",1.66,3.6,5.5
2008-12-21,"Sampdoria","Fiorentina","A",2.62,2.75,3.2
2008-12-21,"Torino","Napoli","H",2.62,3,2.87
2009-01-10,"Genoa","Torino","H",1.75,3.2,5.25
2009-01-10,"Inter","Cagliari","D",1.25,5.5,12
2009-01-11,"Bologna","Chievo","D",1.8,3.2,5
2009-01-11,"Fiorentina","Lecce","A",1.36,4.33,10
2009-01-11,"Juventus","Siena","H",1.29,5,12
2009-01-11,"Napoli","Catania","H",1.57,3.5,7
2009-01-11,"Palermo","Atalanta","H",2,3.1,4.2
2009-01-11,"Reggina","Lazio","A",3.1,3.1,2.4
2009-01-11,"Roma","Milan","D",2.75,3,2.75
2009-01-11,"Udinese","Sampdoria","D",2.15,3,3.8
2009-01-14,"Roma","Sampdoria","H",1.72,3.4,5.25
2009-01-17,"Milan","Fiorentina","H",1.62,3.5,6.5
2009-01-17,"Siena","Reggina","H",1.83,3.1,5
2009-01-18,"Atalanta","Inter","H",4.75,3.3,1.8
2009-01-18,"Cagliari","Udinese","H",2.3,3,3.4
2009-01-18,"Catania","Bologna","A",1.95,3,4.5
2009-01-18,"Chievo","Napoli","H",3.2,3,2.38
2009-01-18,"Lazio","Juventus","D",3.4,3,2.25
2009-01-18,"Lecce","Genoa","A",2.7,2.88,2.88
2009-01-18,"Sampdoria","Palermo","A",1.91,3.1,4.5
2009-01-18,"Torino","Roma","A",4,3.2,2
2009-01-24,"Juventus","Fiorentina","H",1.66,3.4,6
2009-01-24,"Reggina","Chievo","A",2.05,3.1,4
2009-01-25,"Bologna","Milan","A",5.25,3.4,1.72
2009-01-25,"Genoa","Catania","D",1.6,3.4,6.5
2009-01-25,"Inter","Sampdoria","H",1.45,4,8
2009-01-25,"Lazio","Cagliari","A",1.66,3.4,6
2009-01-25,"Lecce","Torino","D",2.2,2.9,3.75
2009-01-25,"Napoli","Roma","A",2.75,3,2.7
2009-01-25,"Palermo","Udinese","H",1.95,3.1,4.33
2009-01-25,"Siena","Atalanta","H",2.35,2.9,3.4
2009-01-28,"Atalanta","Bologna","A",1.8,3.1,5.5
2009-01-28,"Cagliari","Siena","H",1.8,3.1,5.25
2009-01-28,"Catania","Inter","A",5.25,3.3,1.75
2009-01-28,"Chievo","Lecce","D",2.15,2.87,4
2009-01-28,"Fiorentina","Napoli","H",1.72,3.3,5.5
2009-01-28,"Milan","Genoa","D",1.4,4.2,8.5
2009-01-28,"Roma","Palermo","H",1.5,3.75,7.5
2009-01-28,"Sampdoria","Lazio","H",2.4,3,3.2
2009-01-28,"Torino","Reggina","D",1.9,3.1,4.75
2009-01-28,"Udinese","Juventus","H",5,3.25,1.8
2009-01-31,"Juventus","Cagliari","A",1.36,4.5,9
2009-01-31,"Napoli","Udinese","D",1.9,3.2,4.5
2009-02-01,"Atalanta","Catania","H",2,3.1,4.2
2009-02-01,"Chievo","Sampdoria","D",2.87,2.87,2.75
2009-02-01,"Genoa","Palermo","H",1.9,3.2,4.75
2009-02-01,"Inter","Torino","D",1.22,6,13
2009-02-01,"Lazio","Milan","A",3.6,3.2,2.1
2009-02-01,"Reggina","Roma","D",6,3.5,1.61
2009-02-01,"Siena","Lecce","A",1.9,3.1,4.5
2009-02-02,"Bologna","Fiorentina","A",3.4,3.1,2.25
2009-02-07,"Lecce","Inter","A",7,3.5,1.57
2009-02-07,"Milan","Reggina","D",1.2,5.75,17
2009-02-08,"Cagliari","Atalanta","A",2,3.1,4.2
2009-02-08,"Catania","Juventus","A",4.5,3.3,1.85
2009-02-08,"Fiorentina","Lazio","H",1.75,3.2,5.5
2009-02-08,"Palermo","Napoli","H",2.1,3.1,3.8
2009-02-08,"Roma","Genoa","H",1.75,3.3,5.25
2009-02-08,"Sampdoria","Siena","D",1.75,3.2,5.5
2009-02-08,"Torino","Chievo","D",1.85,3.2,4.75
2009-02-08,"Udinese","Bologna","H",1.72,3.25,5.5
2009-02-14,"Lazio","Torino","D",1.67,3.6,5.5
2009-02-14,"Napoli","Bologna","D",1.57,3.75,6
2009-02-15,"Atalanta","Roma","H",3.6,3.25,2.1
2009-02-15,"Cagliari","Lecce","H",1.83,3.3,4.75
2009-02-15,"Chievo","Catania","D",2.1,3.2,3.75
2009-02-15,"Genoa","Fiorentina","D",2.4,3,3.2
2009-02-15,"Inter","Milan","H",2.25,3.1,3.4
2009-02-15,"Juventus","Sampdoria","D",1.5,4,7
2009-02-15,"Reggina","Palermo","D",2.5,3.1,2.9
2009-02-15,"Siena","Udinese","D",2.4,3.1,3.1
2009-02-21,"Bologna","Inter","A",5.25,3.25,1.8
2009-02-21,"Palermo","Juventus","A",3.1,3.1,2.4
2009-02-21,"Roma","Siena","H",1.57,3.6,6.5
2009-02-22,"Catania","Reggina","H",1.8,3.2,5
2009-02-22,"Fiorentina","Chievo","H",1.4,4.2,9
2009-02-22,"Lecce","Lazio","A",3.1,3.1,2.4
2009-02-22,"Milan","Cagliari","H",1.5,3.8,7.5
2009-02-22,"Napoli","Genoa","A",2.15,3.1,3.6
2009-02-22,"Sampdoria","Atalanta","H",2.15,3.1,3.6
2009-02-22,"Torino","Udinese","H",2.4,3,3.2
2009-02-28,"Juventus","Napoli","H",1.6,3.5,6.5
2009-02-28,"Lazio","Bologna","H",1.66,3.4,6
2009-03-01,"Atalanta","Chievo","A",1.83,3.2,5
2009-03-01,"Cagliari","Torino","D",2,3.1,4.2
2009-03-01,"Inter","Roma","D",1.8,3.25,5
2009-03-01,"Palermo","Catania","A",1.83,3.25,4.75
2009-03-01,"Reggina","Fiorentina","D",3.25,3,2.37
2009-03-01,"Sampdoria","Milan","H",3.5,3,2.2
2009-03-01,"Siena","Genoa","D",2.75,2.8,2.9
2009-03-01,"Udinese","Lecce","H",1.72,3.3,5.5
2009-03-07,"Genoa","Inter","A",2.8,3.1,2.6
2009-03-07,"Roma","Udinese","D",1.9,3.2,4.33
2009-03-07,"Torino","Juventus","A",3.5,3.1,2.2
2009-03-08,"Bologna","Sampdoria","H",2.37,3.2,3.2
2009-03-08,"Catania","Siena","A",2.2,3,3.6
2009-03-08,"Chievo","Cagliari","D",2.3,3.1,3.3
2009-03-08,"Fiorentina","Palermo","A",1.66,3.5,5.5
2009-03-08,"Lecce","Reggina","D",2.2,3,3.6
2009-03-08,"Milan","Atalanta","H",1.57,3.6,6.5
2009-03-08,"Napoli","Lazio","A",2.37,3.1,3.2
2009-03-14,"Cagliari","Genoa","A",2.3,3.1,3.3
2009-03-14,"Juventus","Bologna","H",1.4,4.2,9
2009-03-15,"Atalanta","Torino","H",2.2,3,3.6
2009-03-15,"Inter","Fiorentina","H",1.73,3.4,5.5
2009-03-15,"Lazio","Chievo","A",1.67,3.4,6
2009-03-15,"Palermo","Lecce","H",1.67,3.5,5.5
2009-03-15,"Reggina","Napoli","D",2.7,3,2.8
2009-03-15,"Sampdoria","Roma","D",2.3,3,3.4
2009-03-15,"Siena","Milan","A",3.8,3.1,2.1
2009-03-15,"Udinese","Catania","D",1.83,3.2,5
2009-03-21,"Catania","Lazio","H",2.62,3,2.87
2009-03-21,"Roma","Juventus","A",2.87,3,2.6
2009-03-22,"Bologna","Cagliari","A",2.25,3.1,3.4
2009-03-22,"Chievo","Palermo","H",2.6,3,2.87
2009-03-22,"Fiorentina","Siena","H",1.5,3.8,7.5
2009-03-22,"Genoa","Udinese","H",1.85,3.4,4.33
2009-03-22,"Inter","Reggina","H",1.2,6,15
2009-03-22,"Lecce","Atalanta","D",2.3,3,3.4
2009-03-22,"Napoli","Milan","D",3.4,3.1,2.25
2009-03-22,"Torino","Sampdoria","A",2.3,3,3.4
2009-04-05,"Atalanta","Fiorentina","A",2.55,3.2,2.8
2009-04-05,"Cagliari","Catania","H",2,3,4.33
2009-04-05,"Juventus","Chievo","D",1.33,4.75,10
2009-04-05,"Milan","Lecce","H",1.28,5.25,11
2009-04-05,"Palermo","Torino","H",1.85,3.2,4.75
2009-04-05,"Reggina","Genoa","A",3.1,3,2.45
2009-04-05,"Roma","Bologna","H",1.5,3.75,7.5
2009-04-05,"Sampdoria","Napoli","D",2.05,3,4
2009-04-05,"Siena","Lazio","H",2.5,3,3
2009-04-05,"Udinese","Inter","A",4.75,3.25,1.83
2009-04-11,"Bologna","Siena","A",2.15,3,3.8
2009-04-11,"Chievo","Milan","A",4.75,3.25,1.83
2009-04-11,"Fiorentina","Cagliari","H",1.67,3.4,6
2009-04-11,"Genoa","Juventus","H",3.25,3,2.38
2009-04-11,"Inter","Palermo","D",1.44,4,8.5
2009-04-11,"Lazio","Roma","H",3.1,3.1,2.4
2009-04-11,"Lecce","Sampdoria","A",2.5,3,3
2009-04-11,"Napoli","Atalanta","D",1.83,3.25,4.75
2009-04-11,"Torino","Catania","H",2,3,4.33
2009-04-12,"Reggina","Udinese","A",2.38,3.1,3.1
2009-04-18,"Genoa","Lazio","A",1.75,3.5,4.75
2009-04-18,"Juventus","Inter","D",2.55,3.1,2.88
2009-04-19,"Atalanta","Reggina","A",1.62,3.6,6
2009-04-19,"Cagliari","Napoli","H",2.55,2.9,3.1
2009-04-19,"Catania","Sampdoria","H",2.3,3,3.4
2009-04-19,"Milan","Torino","H",1.33,5,9
2009-04-19,"Palermo","Bologna","H",1.73,3.4,5.5
2009-04-19,"Roma","Lecce","H",1.33,4.75,10
2009-04-19,"Siena","Chievo","A",2.38,2.62,3.75
2009-04-19,"Udinese","Fiorentina","H",2.8,3.1,2.6
2009-04-25,"Chievo","Udinese","A",2.25,3.1,3.4
2009-04-25,"Fiorentina","Roma","H",2.4,3.2,3
2009-04-26,"Bologna","Genoa","H",3.4,3.1,2.2
2009-04-26,"Lazio","Atalanta","A",1.8,3.3,4.75
2009-04-26,"Lecce","Catania","H",1.7,3.4,5.5
2009-04-26,"Milan","Palermo","H",1.5,4,7
2009-04-26,"Napoli","Inter","H",4,3.2,2
2009-04-26,"Reggina","Juventus","D",4.5,3.4,1.8
2009-04-26,"Sampdoria","Cagliari","D",2.1,3.2,3.6
2009-04-26,"Torino","Siena","H",1.8,3.2,5
2009-05-02,"Bologna","Reggina","A",1.8,3.3,4.75
2009-05-02,"Inter","Lazio","H",1.5,3.8,7.25
2009-05-03,"Catania","Milan","A",6,3.75,1.57
2009-05-03,"Fiorentina","Torino","H",1.44,4,8
2009-05-03,"Genoa","Sampdoria","H",2.25,3.1,3.3
2009-05-03,"Juventus","Lecce","D",1.36,4.5,9
2009-05-03,"Palermo","Cagliari","H",2,3.25,4
2009-05-03,"Roma","Chievo","D",1.5,4,7
2009-05-03,"Siena","Napoli","H",2.15,3,3.6
2009-05-03,"Udinese","Atalanta","H",1.83,3.3,4.75
2009-05-09,"Lazio","Udinese","A",2.88,3,2.6
2009-05-09,"Sampdoria","Reggina","H",2.9,3.3,2.4
2009-05-10,"Atalanta","Genoa","D",3.3,3.1,2.3
2009-05-10,"Cagliari","Roma","D",2.88,3.2,2.5
2009-05-10,"Catania","Fiorentina","A",4.75,3.4,1.8
2009-05-10,"Chievo","Inter","D",4.5,3.3,1.85
2009-05-10,"Lecce","Napoli","D",1.62,3.75,5.5
2009-05-10,"Milan","Juventus","D",1.83,3.5,4.33
2009-05-10,"Siena","Palermo","H",3.1,3.1,2.38
2009-05-10,"Torino","Bologna","D",1.91,3.25,4.33
2009-05-16,"Roma","Catania","H",1.25,5.5,12
2009-05-16,"Udinese","Milan","H",3.6,3.2,2.1
2009-05-17,"Bologna","Lecce","H",1.91,3.25,4.33
2009-05-17,"Fiorentina","Sampdoria","H",1.33,4.75,9.5
2009-05-17,"Genoa","Chievo","D",1.62,3.6,6
2009-05-17,"Inter","Siena","H",1.2,6,15
2009-05-17,"Juventus","Atalanta","D",1.25,5.5,12
2009-05-17,"Napoli","Torino","A",3.1,3.2,2.3
2009-05-17,"Palermo","Lazio","H",1.57,3.5,7
2009-05-17,"Reggina","Cagliari","H",1.8,3.6,4.5
2009-05-20,"Lazio","Reggina","H",2.5,3.6,2.6
2009-05-24,"Atalanta","Palermo","D",3.25,3.2,2.25
2009-05-24,"Cagliari","Inter","H",3.2,3.2,2.3
2009-05-24,"Catania","Napoli","H",2.25,3,3.5
2009-05-24,"Chievo","Bologna","D",3.2,1.57,6
2009-05-24,"Lecce","Fiorentina","D",5,4.33,1.57
2009-05-24,"Milan","Roma","A",1.8,3.4,4.75
2009-05-24,"Sampdoria","Udinese","D",3.1,3.3,2.25
2009-05-24,"Siena","Juventus","A",8.5,4.33,1.4
2009-05-24,"Torino","Genoa","A",1.4,4.5,7.5
2009-05-31,"Bologna","Catania","H",1.3,4.75,12
2009-05-31,"Fiorentina","Milan","A",2.5,3.1,2.88
2009-05-31,"Genoa","Lecce","H",1.33,4.5,10
2009-05-31,"Inter","Atalanta","H",1.44,4,8
2009-05-31,"Juventus","Lazio","H",1.36,4.5,8
2009-05-31,"Napoli","Chievo","H",1.62,3.75,5.5
2009-05-31,"Palermo","Sampdoria","D",1.8,3.1,5
2009-05-31,"Reggina","Siena","D",2.25,3,3.4
2009-05-31,"Roma","Torino","H",1.65,4.2,4.5
2009-05-31,"Udinese","Cagliari","H",1.75,3.6,4.5
2009-08-22,"Bologna","Fiorentina","D",3.3,3.25,2.2
2009-08-22,"Siena","Milan","A",3.75,3.25,2.05
2009-08-23,"Catania","Sampdoria","A",2.5,3.2,2.88
2009-08-23,"Genoa","Roma","H",2.4,3.2,3
2009-08-23,"Inter","Bari","D",1.2,6,15
2009-08-23,"Juventus","Chievo","H",1.29,5.25,11
2009-08-23,"Lazio","Atalanta","H",1.83,3.4,4.5
2009-08-23,"Livorno","Cagliari","D",2.38,3.1,3.2
2009-08-23,"Palermo","Napoli","H",2.15,3.25,3.5
2009-08-23,"Udinese","Parma","D",1.8,3.4,4.75
2009-08-29,"Bari","Bologna","D",2.2,3.1,3.5
2009-08-29,"Milan","Inter","A",3,3,2.5
2009-08-30,"Atalanta","Genoa","A",2.4,3,3.2
2009-08-30,"Cagliari","Siena","A",2,3.2,4
2009-08-30,"Chievo","Lazio","A",3,3,2.5
2009-08-30,"Fiorentina","Palermo","H",1.8,3.4,4.75
2009-08-30,"Napoli","Livorno","H",1.5,4,7.5
2009-08-30,"Parma","Catania","H",1.95,3.2,4.2
2009-08-30,"Roma","Juventus","A",3.1,3.1,2.38
2009-08-30,"Sampdoria","Udinese","H",2.1,3.2,3.6
2009-09-12,"Lazio","Juventus","A",4,3.2,2
2009-09-12,"Livorno","Milan","D",4.75,3.3,1.83
2009-09-13,"Atalanta","Sampdoria","A",2.38,3.1,3.1
2009-09-13,"Bologna","Chievo","A",2.4,3,3.2
2009-09-13,"Fiorentina","Cagliari","H",1.6,3.6,6.25
2009-09-13,"Genoa","Napoli","H",2.05,3.2,3.8
2009-09-13,"Inter","Parma","H",1.3,5,11
2009-09-13,"Palermo","Bari","D",1.62,3.6,6
2009-09-13,"Siena","Roma","A",4,3.2,2
2009-09-13,"Udinese","Catania","H",1.67,3.5,5.5
2009-09-19,"Juventus","Livorno","H",1.3,5,11
2009-09-19,"Napoli","Udinese","D",2,3.3,3.75
2009-09-20,"Bari","Atalanta","H",2.5,3.1,2.9
2009-09-20,"Cagliari","Inter","A",6,3.6,1.62
2009-09-20,"Catania","Lazio","D",2.9,3.1,2.5
2009-09-20,"Chievo","Genoa","H",2.9,3.1,2.5
2009-09-20,"Milan","Bologna","H",1.33,4.75,10
2009-09-20,"Parma","Palermo","H",2.38,3.1,3.1
2009-09-20,"Roma","Fiorentina","H",1.95,3.4,3.8
2009-09-20,"Sampdoria","Siena","H",1.67,3.4,6
2009-09-23,"Atalanta","Catania","D",1.8,3.4,4.75
2009-09-23,"Bari","Cagliari","A",2.1,3.1,3.75
2009-09-23,"Bologna","Livorno","H",2.15,3.1,3.6
2009-09-23,"Fiorentina","Sampdoria","H",2.1,3.1,3.75
2009-09-23,"Inter","Napoli","H",1.4,4.2,8.5
2009-09-23,"Lazio","Parma","A",1.91,3.2,4.33
2009-09-23,"Palermo","Roma","D",2.8,3.25,2.55
2009-09-23,"Siena","Chievo","D",2.4,3.1,3.1
2009-09-23,"Udinese","Milan","H",3.25,3.1,2.3
2009-09-24,"Genoa","Juventus","D",3.4,3.2,2.2
2009-09-26,"Livorno","Fiorentina","A",3.75,3.1,2.1
2009-09-26,"Sampdoria","Inter","H",3.8,3.3,2
2009-09-27,"Catania","Roma","D",4.33,3.25,1.91
2009-09-27,"Chievo","Atalanta","D",2.2,3.2,3.4
2009-09-27,"Juventus","Bologna","D",1.22,6,13
2009-09-27,"Lazio","Palermo","D",2.1,3.2,3.6
2009-09-27,"Milan","Bari","D",1.33,4.5,11
2009-09-27,"Napoli","Siena","H",1.67,3.4,6
2009-09-27,"Parma","Cagliari","A",1.91,3.2,4.33
2009-09-27,"Udinese","Genoa","H",2.25,3.2,3.3
2009-10-03,"Bari","Catania","D",2.05,3.2,3.8
2009-10-03,"Inter","Udinese","H",1.44,4.2,7.5
2009-10-04,"Atalanta","Milan","D",3.5,3,2.25
2009-10-04,"Bologna","Genoa","A",3,3.2,2.4
2009-10-04,"Cagliari","Chievo","A",2.1,3.1,3.75
2009-10-04,"Fiorentina","Lazio","D",1.85,3.3,4.5
2009-10-04,"Palermo","Juventus","H",3.8,3.3,2
2009-10-04,"Roma","Napoli","H",1.7,3.4,5.5
2009-10-04,"Sampdoria","Parma","D",1.65,3.6,5.5
2009-10-04,"Siena","Livorno","D",2,3.2,4
2009-10-17,"Genoa","Inter","A",3.25,3.2,2.25
2009-10-17,"Juventus","Fiorentina","D",1.73,3.4,5.25
2009-10-18,"Catania","Cagliari","H",2.4,3.1,3.1
2009-10-18,"Chievo","Bari","A",2,3.1,4.1
2009-10-18,"Lazio","Sampdoria","D",2.4,3.1,3.1
2009-10-18,"Livorno","Palermo","A",3.1,3.1,2.4
2009-10-18,"Milan","Roma","H",2.1,3.3,3.5
2009-10-18,"Napoli","Bologna","H",1.55,3.75,6.5
2009-10-18,"Parma","Siena","H",1.95,3.2,4.2
2009-10-18,"Udinese","Atalanta","A",1.67,3.5,5.5
2009-10-24,"Inter","Catania","H",1.22,5.5,15
2009-10-24,"Sampdoria","Bologna","H",1.53,3.75,7
2009-10-25,"Atalanta","Parma","H",2.1,3.1,3.75
2009-10-25,"Bari","Lazio","H",2.63,3,2.88
2009-10-25,"Cagliari","Genoa","H",2.75,3,2.75
2009-10-25,"Chievo","Milan","A",4,3.1,2
2009-10-25,"Fiorentina","Napoli","A",1.75,3.4,5
2009-10-25,"Palermo","Udinese","H",2.1,3.1,3.75
2009-10-25,"Roma","Livorno","A",1.33,4.75,10
2009-10-25,"Siena","Juventus","A",7,3.5,1.57
2009-10-28,"Bologna","Siena","H",2.3,3.1,3.3
2009-10-28,"Catania","Chievo","A",2.25,3.1,3.4
2009-10-28,"Genoa","Fiorentina","H",2.4,3.2,3
2009-10-28,"Juventus","Sampdoria","H",1.75,3.4,5
2009-10-28,"Lazio","Cagliari","A",1.8,3.4,4.75
2009-10-28,"Livorno","Atalanta","H",2.4,3.1,3.1
2009-10-28,"Napoli","Milan","D",2.88,3.2,2.5
2009-10-28,"Parma","Bari","H",2.1,3.2,3.6
2009-10-28,"Udinese","Roma","H",2.5,3.2,2.88
2009-10-29,"Inter","Palermo","H",1.44,4,8
2009-10-31,"Juventus","Napoli","A",1.53,3.75,7
2009-10-31,"Milan","Parma","H",1.53,3.8,6.5
2009-11-01,"Cagliari","Atalanta","H",2.1,3.1,3.8
2009-11-01,"Chievo","Udinese","D",2.5,3.1,2.9
2009-11-01,"Fiorentina","Catania","H",1.44,4,8
2009-11-01,"Livorno","Inter","A",6,3.8,1.57
2009-11-01,"Palermo","Genoa","D",2.05,3.1,4
2009-11-01,"Roma","Bologna","H",1.67,3.5,5.5
2009-11-01,"Sampdoria","Bari","D",1.67,3.5,5.5
2009-11-01,"Siena","Lazio","D",2.75,3.1,2.63
2009-11-07,"Atalanta","Juventus","A",4.33,3.4,1.85
2009-11-07,"Catania","Napoli","D",3.4,3.1,2.25
2009-11-08,"Bari","Livorno","H",1.85,3.3,4.5
2009-11-08,"Bologna","Palermo","H",2.7,3.1,2.7
2009-11-08,"Cagliari","Sampdoria","H",2.4,3.1,3.1
2009-11-08,"Genoa","Siena","H",1.65,3.6,5.5
2009-11-08,"Inter","Roma","D",1.62,3.75,5.5
2009-11-08,"Lazio","Milan","A",3.6,3.25,2.1
2009-11-08,"Parma","Chievo","H",2.05,3.2,3.8
2009-11-08,"Udinese","Fiorentina","A",2.45,3.2,2.9
2009-11-21,"Bologna","Inter","A",5.5,3.5,1.67
2009-11-21,"Fiorentina","Parma","A",1.7,3.4,5.5
2009-11-22,"Juventus","Udinese","H",1.44,4,8
2009-11-22,"Livorno","Genoa","H",3.2,3,2.4
2009-11-22,"Milan","Cagliari","H",1.5,3.75,7.5
2009-11-22,"Napoli","Lazio","D",1.83,3.3,4.75
2009-11-22,"Palermo","Catania","D",1.73,3.4,5.25
2009-11-22,"Roma","Bari","H",1.67,3.5,5.5
2009-11-22,"Sampdoria","Chievo","H",1.73,3.4,5.25
2009-11-22,"Siena","Atalanta","A",2.4,3,3.2
2009-11-28,"Genoa","Sampdoria","H",2.3,3.2,3.2
2009-11-28,"Udinese","Livorno","H",1.65,3.6,5.5
2009-11-29,"Atalanta","Roma","A",3.4,3.25,2.15
2009-11-29,"Bari","Siena","H",1.75,3.3,5
2009-11-29,"Cagliari","Juventus","H",4,3.4,1.91
2009-11-29,"Catania","Milan","A",4.33,3.4,1.85
2009-11-29,"Chievo","Palermo","H",2.3,3.2,3.2
2009-11-29,"Inter","Fiorentina","H",1.57,3.75,6
2009-11-29,"Lazio","Bologna","D",1.67,3.6,5.25
2009-11-29,"Parma","Napoli","D",2.4,3.2,3
2009-12-05,"Juventus","Inter","H",2.65,3.1,2.75
2009-12-05,"Milan","Sampdoria","H",1.57,3.7,6.25
2009-12-06,"Bologna","Udinese","H",2.5,3.2,2.88
2009-12-06,"Fiorentina","Atalanta","H",1.55,3.6,7
2009-12-06,"Genoa","Parma","D",1.91,3.2,4.33
2009-12-06,"Livorno","Chievo","A",2.4,3.1,3.1
2009-12-06,"Napoli","Bari","H",1.8,3.5,4.5
2009-12-06,"Palermo","Cagliari","H",2.1,3.1,3.75
2009-12-06,"Roma","Lazio","H",1.83,3.25,4.75
2009-12-06,"Siena","Catania","H",2.2,3.1,3.5
2009-12-12,"Bari","Juventus","H",4.33,3.25,1.91
2009-12-12,"Cagliari","Napoli","D",2.38,3,3.25
2009-12-13,"Atalanta","Inter","D",6,3.5,1.65
2009-12-13,"Catania","Livorno","A",1.91,3.2,4.33
2009-12-13,"Chievo","Fiorentina","H",3,3,2.5
2009-12-13,"Lazio","Genoa","H",2.25,3.1,3.4
2009-12-13,"Milan","Palermo","A",1.44,4.2,7.5
2009-12-13,"Parma","Bologna","H",1.8,3.4,4.75
2009-12-13,"Sampdoria","Roma","D",2.5,3.2,2.88
2009-12-13,"Siena","Udinese","H",2.63,3,2.88
2009-12-20,"Inter","Lazio","H",1.4,4.33,8.5
2009-12-20,"Juventus","Catania","A",1.33,4.75,10
2009-12-20,"Livorno","Sampdoria","H",2.88,3,2.63
2009-12-20,"Napoli","Chievo","H",1.91,3.25,4.33
2009-12-20,"Palermo","Siena","H",1.62,3.6,6
2009-12-20,"Roma","Parma","H",1.73,3.6,4.75
2010-01-06,"Atalanta","Napoli","A",2.63,3,2.88
2010-01-06,"Bari","Udinese","H",2.2,3.1,3.5
2010-01-06,"Cagliari","Roma","D",3,3.2,2.4
2010-01-06,"Catania","Bologna","H",2,3.2,4
2010-01-06,"Chievo","Inter","A",4.5,3.4,1.83
2010-01-06,"Lazio","Livorno","H",1.67,3.5,5.5
2010-01-06,"Milan","Genoa","H",1.57,3.75,6
2010-01-06,"Parma","Juventus","A",3.1,3.1,2.4
2010-01-06,"Sampdoria","Palermo","D",2.2,3.2,3.4
2010-01-06,"Siena","Fiorentina","A",3.4,3.2,2.2
2010-01-09,"Inter","Siena","H",1.2,6,15
2010-01-09,"Roma","Chievo","H",1.57,3.6,6.5
2010-01-10,"Bologna","Cagliari","A",2.35,3.2,3.1
2010-01-10,"Fiorentina","Bari","H",1.65,3.5,6
2010-01-10,"Genoa","Catania","H",1.65,3.5,6
2010-01-10,"Juventus","Milan","A",2.5,3.2,2.9
2010-01-10,"Livorno","Parma","H",2.75,3.1,2.63
2010-01-10,"Napoli","Sampdoria","H",1.91,3.3,4.2
2010-01-10,"Palermo","Atalanta","H",1.7,3.5,5.5
2010-01-10,"Udinese","Lazio","D",2.2,3.25,3.3
2010-01-16,"Bari","Inter","D",4.33,3.25,1.91
2010-01-16,"Cagliari","Livorno","H",1.83,3,5.5
2010-01-17,"Atalanta","Lazio","H",2.5,3.1,2.9
2010-01-17,"Chievo","Juventus","H",3.5,3.25,2.1
2010-01-17,"Fiorentina","Bologna","A",1.5,3.75,7.5
2010-01-17,"Milan","Siena","H",1.25,5.25,13
2010-01-17,"Napoli","Palermo","D",2.1,3.25,3.5
2010-01-17,"Parma","Udinese","D",2.1,3.2,3.6
2010-01-17,"Roma","Genoa","H",1.7,3.6,5
2010-01-17,"Sampdoria","Catania","D",1.8,3.4,4.6
2010-01-20,"Bologna","Atalanta","D",2.3,3.1,3.2
2010-01-20,"Genoa","Bari","D",2.1,3.1,3.8
2010-01-23,"Catania","Parma","H",2.2,3.2,3.4
2010-01-23,"Juventus","Roma","A",2.5,3.1,2.9
2010-01-24,"Bologna","Bari","H",2.4,3.2,3
2010-01-24,"Genoa","Atalanta","H",1.83,3.4,4.5
2010-01-24,"Inter","Milan","H",2.5,3.1,2.9
2010-01-24,"Lazio","Chievo","D",1.95,3.2,4.2
2010-01-24,"Livorno","Napoli","A",3.1,3.1,2.4
2010-01-24,"Palermo","Fiorentina","H",2.4,3.2,3
2010-01-24,"Siena","Cagliari","D",2.9,3,2.6
2010-01-24,"Udinese","Sampdoria","A",2.1,3.2,3.6
2010-01-30,"Bari","Palermo","H",2.5,2.9,3.1
2010-01-30,"Napoli","Genoa","D",1.95,3.25,4.2
2010-01-31,"Cagliari","Fiorentina","D",2.38,3,3.2
2010-01-31,"Catania","Udinese","D",2.2,3,3.6
2010-01-31,"Chievo","Bologna","D",2,3.1,4.2
2010-01-31,"Juventus","Lazio","D",1.7,3.4,5.5
2010-01-31,"Milan","Livorno","D",1.29,5,12
2010-01-31,"Roma","Siena","H",1.29,4.75,13
2010-01-31,"Sampdoria","Atalanta","H",1.91,3.25,4.33
2010-02-06,"Livorno","Juventus","D",4,3.2,2
2010-02-06,"Palermo","Parma","H",1.8,3.25,5
2010-02-07,"Atalanta","Bari","H",2.3,3,3.4
2010-02-07,"Bologna","Milan","D",5,3.25,1.8
2010-02-07,"Fiorentina","Roma","A",2.5,3.2,2.88
2010-02-07,"Genoa","Chievo","H",1.9,3.25,4.33
2010-02-07,"Inter","Cagliari","H",1.36,4.33,7.5
2010-02-07,"Lazio","Catania","A",1.9,3.25,4.33
2010-02-07,"Siena","Sampdoria","A",2.63,3.1,2.75
2010-02-07,"Udinese","Napoli","H",2.4,3.1,3.1
2010-02-10,"Parma","Inter","D",4.5,3.4,1.83
2010-02-12,"Milan","Udinese","H",1.57,3.6,6.5
2010-02-13,"Roma","Palermo","H",1.67,3.5,5.5
2010-02-13,"Sampdoria","Fiorentina","H",2.4,3.1,3.1
2010-02-14,"Cagliari","Bari","H",2,3.4,3.75
2010-02-14,"Catania","Atalanta","D",2.1,3.2,3.6
2010-02-14,"Chievo","Siena","A",1.8,3.3,4.75
2010-02-14,"Juventus","Genoa","H",1.73,3.5,5
2010-02-14,"Livorno","Bologna","A",2.4,3,3.2
2010-02-14,"Napoli","Inter","D",3.2,3.2,2.3
2010-02-14,"Parma","Lazio","A",2.38,3,3.25
2010-02-20,"Genoa","Udinese","H",1.91,3.4,4
2010-02-20,"Inter","Sampdoria","D",1.5,3.8,7.5
2010-02-21,"Atalanta","Chievo","A",2.1,3.3,3.5
2010-02-21,"Bari","Milan","A",3.5,3.3,2.1
2010-02-21,"Bologna","Juventus","A",4.2,3.3,1.91
2010-02-21,"Cagliari","Parma","H",1.85,3.4,4.33
2010-02-21,"Fiorentina","Livorno","H",1.62,3.6,6
2010-02-21,"Palermo","Lazio","H",1.91,3.4,4
2010-02-21,"Roma","Catania","H",1.4,4.33,8.5
2010-02-21,"Siena","Napoli","D",3.1,3.25,2.3
2010-02-24,"Fiorentina","Milan","A",2.9,3.1,2.5
2010-02-24,"Udinese","Cagliari","H",2.1,3.3,3.5
2010-02-27,"Catania","Bari","H",2.2,3.2,3.4
2010-02-27,"Lazio","Fiorentina","D",2.38,3,3.25
2010-02-28,"Chievo","Cagliari","H",2.4,3.2,3
2010-02-28,"Genoa","Bologna","A",1.67,3.5,5.5
2010-02-28,"Juventus","Palermo","A",1.73,3.4,5.25
2010-02-28,"Livorno","Siena","A",2.2,3.2,3.4
2010-02-28,"Milan","Atalanta","H",1.33,4.75,10
2010-02-28,"Napoli","Roma","D",2.4,3.1,3.1
2010-02-28,"Parma","Sampdoria","H",2.1,3.1,3.75
2010-02-28,"Udinese","Inter","A",3.6,3.2,2.1
2010-03-06,"Fiorentina","Juventus","A",2.5,3.2,2.88
2010-03-06,"Roma","Milan","D",2.3,3.2,3.2
2010-03-07,"Atalanta","Udinese","D",2.3,3.2,3.2
2010-03-07,"Bari","Chievo","H",2,3.25,3.9
2010-03-07,"Bologna","Napoli","H",2.9,3.1,2.5
2010-03-07,"Cagliari","Catania","D",2,3.25,3.9
2010-03-07,"Inter","Genoa","D",1.4,4.5,8
2010-03-07,"Palermo","Livorno","H",1.5,3.9,7
2010-03-07,"Sampdoria","Lazio","H",2.15,3.2,3.5
2010-03-07,"Siena","Parma","D",2.2,3.2,3.4
2010-03-12,"Catania","Inter","H",4.33,3.25,1.91
2010-03-13,"Napoli","Fiorentina","A",2,3.2,4
2010-03-14,"Bologna","Sampdoria","D",2.5,3,3
2010-03-14,"Genoa","Cagliari","H",1.8,3.5,4.5
2010-03-14,"Juventus","Siena","D",1.36,4.5,9
2010-03-14,"Lazio","Bari","A",1.83,3.3,4.75
2010-03-14,"Livorno","Roma","D",4.75,3.4,1.8
2010-03-14,"Milan","Chievo","H",1.4,4.33,8.5
2010-03-14,"Parma","Atalanta","H",2,3.2,4
2010-03-14,"Udinese","Palermo","H",2.3,3.2,3.2
2010-03-20,"Fiorentina","Genoa","H",1.85,3.4,4.33
2010-03-20,"Palermo","Inter","D",3.6,3.1,2.1
2010-03-20,"Roma","Udinese","H",1.75,3.4,5
2010-03-21,"Atalanta","Livorno","H",2.15,3.1,3.6
2010-03-21,"Bari","Parma","D",2,3.1,4.1
2010-03-21,"Cagliari","Lazio","A",2.15,3.2,3.5
2010-03-21,"Chievo","Catania","D",3,1.8,5
2010-03-21,"Milan","Napoli","D",1.57,3.6,6.5
2010-03-21,"Sampdoria","Juventus","H",2.6,3.1,2.8
2010-03-21,"Siena","Bologna","H",2.05,3.25,3.75
2010-03-24,"Atalanta","Cagliari","H",1.85,3.3,4.4
2010-03-24,"Bari","Sampdoria","H",2.5,3.1,2.9
2010-03-24,"Bologna","Roma","A",4.5,3.3,1.83
2010-03-24,"Catania","Fiorentina","H",3,3,2.5
2010-03-24,"Genoa","Palermo","D",2.05,3.2,3.75
2010-03-24,"Inter","Livorno","H",1.25,5.5,12
2010-03-24,"Lazio","Siena","H",1.75,3.4,5
2010-03-24,"Parma","Milan","H",5,3.25,1.8
2010-03-24,"Udinese","Chievo","D",1.7,3.3,5.75
2010-03-25,"Napoli","Juventus","H",2.45,3,3.1
2010-03-27,"Palermo","Bologna","H",1.62,3.6,6
2010-03-27,"Roma","Inter","H",2.75,3.1,2.63
2010-03-28,"Chievo","Parma","D",2.88,1.83,5
2010-03-28,"Fiorentina","Udinese","H",1.8,3.4,4.75
2010-03-28,"Juventus","Atalanta","H",1.6,3.5,6.5
2010-03-28,"Livorno","Bari","D",2.2,3.1,3.5
2010-03-28,"Milan","Lazio","D",1.67,3.5,5.5
2010-03-28,"Napoli","Catania","H",1.6,3.5,7
2010-03-28,"Sampdoria","Cagliari","D",1.67,3.5,5.5
2010-03-28,"Siena","Genoa","D",2.5,3.1,2.9
2010-04-03,"Atalanta","Siena","H",1.67,3.6,5.25
2010-04-03,"Bari","Roma","A",5,3.8,1.67
2010-04-03,"Cagliari","Milan","A",4.33,3.6,1.8
2010-04-03,"Catania","Palermo","H",3.2,2,3.5
2010-04-03,"Chievo","Sampdoria","A",3,3,2.5
2010-04-03,"Genoa","Livorno","D",1.5,4,6.5
2010-04-03,"Inter","Bologna","H",1.29,5,11
2010-04-03,"Lazio","Napoli","D",2.4,3,3.2
2010-04-03,"Parma","Fiorentina","D",3.2,3.1,2.35
2010-04-03,"Udinese","Juventus","H",2.63,3.1,2.8
2010-04-10,"Fiorentina","Inter","D",3.6,3.2,2.1
2010-04-10,"Napoli","Parma","A",1.53,3.75,7
2010-04-11,"Bologna","Lazio","A",4.5,1.62,4.5
2010-04-11,"Juventus","Cagliari","H",1.5,4,7
2010-04-11,"Livorno","Udinese","A",3.1,3.1,2.4
2010-04-11,"Milan","Catania","D",1.36,4.5,9
2010-04-11,"Palermo","Chievo","H",1.44,4,8
2010-04-11,"Roma","Atalanta","H",1.33,4.5,9.5
2010-04-11,"Sampdoria","Genoa","H",2.2,3.2,3.5
2010-04-11,"Siena","Bari","H",2.1,3.3,3.5
2010-04-16,"Inter","Juventus","H",1.62,3.6,6
2010-04-17,"Chievo","Livorno","H",1.4,4.5,8
2010-04-18,"Atalanta","Fiorentina","H",2.35,3.3,3
2010-04-18,"Bari","Napoli","A",3,3.1,2.4
2010-04-18,"Cagliari","Palermo","D",3.25,3.2,2.25
2010-04-18,"Catania","Siena","D",1.75,3.6,4.6
2010-04-18,"Lazio","Roma","A",4,3.3,1.95
2010-04-18,"Parma","Genoa","A",2.35,3.2,3.1
2010-04-18,"Sampdoria","Milan","H",2.75,3.1,2.63
2010-04-18,"Udinese","Bologna","D",2.1,2,9.5
2010-04-24,"Inter","Atalanta","H",1.22,6,13
2010-04-24,"Palermo","Milan","H",1.91,3.6,3.8
2010-04-25,"Bologna","Parma","H",1.5,3.75,6
2010-04-25,"Fiorentina","Chievo","A",1.5,3.75,6
2010-04-25,"Genoa","Lazio","A",2.4,3.1,3.1
2010-04-25,"Juventus","Bari","H",1.4,4.2,9
2010-04-25,"Livorno","Catania","H",4.5,3.25,1.91
2010-04-25,"Napoli","Cagliari","D",1.44,4.33,7
2010-04-25,"Roma","Sampdoria","A",1.44,4.33,7
2010-04-25,"Udinese","Siena","H",1.67,3.5,5.5
2010-05-01,"Milan","Fiorentina","H",1.62,3.75,5.5
2010-05-01,"Parma","Roma","A",6,4,1.53
2010-05-02,"Atalanta","Bologna","D",1.8,3.5,4.5
2010-05-02,"Bari","Genoa","H",3.5,1.83,4
2010-05-02,"Cagliari","Udinese","D",4,1.62,4.75
2010-05-02,"Catania","Juventus","D",3.6,3.5,2
2010-05-02,"Chievo","Napoli","A",4.5,3.5,1.8
2010-05-02,"Lazio","Inter","A",7,4.33,1.44
2010-05-02,"Sampdoria","Livorno","H",1.13,7.5,21
2010-05-02,"Siena","Palermo","A",7,4.33,1.44
2010-05-09,"Bologna","Catania","D",NA,NA,NA
2010-05-09,"Fiorentina","Siena","D",1.36,4.5,9.5
2010-05-09,"Genoa","Milan","H",3.75,3.4,2
2010-05-09,"Inter","Chievo","H",1.09,9,26
2010-05-09,"Juventus","Parma","A",1.33,5,9
2010-05-09,"Livorno","Lazio","A",7,3.6,1.55
2010-05-09,"Napoli","Atalanta","H",1.44,4.33,7
2010-05-09,"Palermo","Sampdoria","D",2.05,3.3,3.6
2010-05-09,"Roma","Cagliari","H",1.13,8.5,17
2010-05-09,"Udinese","Bari","D",1.8,3,5.75
2010-05-15,"Lazio","Udinese","H",2.1,2.8,4.33
2010-05-15,"Milan","Juventus","H",2,3.4,3.6
2010-05-16,"Atalanta","Palermo","A",6,4,1.53
2010-05-16,"Bari","Fiorentina","H",2.2,3.1,3.5
2010-05-16,"Cagliari","Bologna","D",1.62,3.25,7
2010-05-16,"Catania","Genoa","H",1.53,3.75,7
2010-05-16,"Chievo","Roma","A",7.5,4.5,1.4
2010-05-16,"Parma","Livorno","H",1.4,4.5,8
2010-05-16,"Sampdoria","Napoli","H",1.29,5.5,9.5
2010-05-16,"Siena","Inter","A",21,9,1.1
2010-08-28,"Roma","Cesena","D",1.29,4.75,13
2010-08-28,"Udinese","Genoa","A",2.4,3.1,3.1
2010-08-29,"Bari","Juventus","H",4.33,3.25,1.91
2010-08-29,"Chievo","Catania","H",2.2,3.1,3.5
2010-08-29,"Fiorentina","Napoli","D",2.3,3.1,3.3
2010-08-29,"Milan","Lecce","H",1.33,4.5,11
2010-08-29,"Palermo","Cagliari","D",1.73,3.25,5.5
2010-08-29,"Parma","Brescia","H",1.83,3.25,4.75
2010-08-29,"Sampdoria","Lazio","H",2.1,3.1,3.75
2010-08-30,"Bologna","Inter","D",6.25,3.5,1.62
2010-09-11,"Cagliari","Roma","H",3.25,3.1,2.3
2010-09-11,"Cesena","Milan","H",7,3.75,1.53
2010-09-11,"Inter","Udinese","H",1.4,4.33,8.5
2010-09-12,"Brescia","Palermo","H",3.25,3.1,2.3
2010-09-12,"Catania","Parma","H",2.25,3.1,3.4
2010-09-12,"Genoa","Chievo","A",1.7,3.5,5.25
2010-09-12,"Juventus","Sampdoria","D",1.8,3.5,4.5
2010-09-12,"Lazio","Bologna","H",1.73,3.4,5.25
2010-09-12,"Lecce","Fiorentina","H",3.5,3.1,2.2
2010-09-12,"Napoli","Bari","D",1.73,3.4,5.25
2010-09-18,"Fiorentina","Lazio","A",2.05,3.25,3.75
2010-09-18,"Milan","Catania","D",1.3,4.75,11
2010-09-19,"Bari","Cagliari","D",1.95,3.3,4
2010-09-19,"Cesena","Lecce","H",2,3.25,3.9
2010-09-19,"Chievo","Brescia","A",1.91,3.3,4.2
2010-09-19,"Palermo","Inter","A",3.3,3.25,2.2
2010-09-19,"Parma","Genoa","D",2.35,3.2,3.1
2010-09-19,"Roma","Bologna","D",1.4,4.33,8
2010-09-19,"Sampdoria","Napoli","A",2.25,3.2,3.25
2010-09-19,"Udinese","Juventus","A",3,3.2,2.4
2010-09-22,"Bologna","Udinese","H",2.5,3.1,2.9
2010-09-22,"Brescia","Roma","H",3.6,3.2,2.1
2010-09-22,"Cagliari","Sampdoria","D",2.4,3.1,3.1
2010-09-22,"Catania","Cesena","H",2.05,3.1,3.9
2010-09-22,"Genoa","Fiorentina","D",2.2,3.1,3.4
2010-09-22,"Inter","Bari","H",1.4,4.5,7.5
2010-09-22,"Lazio","Milan","D",3.5,3.1,2.2
2010-09-22,"Lecce","Parma","D",2.5,3,3
2010-09-22,"Napoli","Chievo","A",1.67,3.4,5.75
2010-09-23,"Juventus","Palermo","A",1.73,3.5,5
2010-09-25,"Milan","Genoa","H",1.67,3.5,5.5
2010-09-25,"Roma","Inter","H",3.4,3.2,2.2
2010-09-26,"Bari","Brescia","H",1.91,3.2,4.33
2010-09-26,"Catania","Bologna","D",1.91,3.25,4.33
2010-09-26,"Cesena","Napoli","A",3,3,2.5
2010-09-26,"Chievo","Lazio","A",2.5,3,3
2010-09-26,"Fiorentina","Parma","H",1.95,3.2,4.2
2010-09-26,"Juventus","Cagliari","H",1.6,3.6,6
2010-09-26,"Palermo","Lecce","D",1.53,3.5,6.5
2010-09-26,"Sampdoria","Udinese","D",1.75,3.3,4.5
2010-10-02,"Parma","Milan","A",3.8,3.3,2
2010-10-02,"Udinese","Cesena","H",1.75,3.5,4.75
2010-10-03,"Bologna","Sampdoria","D",2.6,3.1,2.8
2010-10-03,"Chievo","Cagliari","D",2.25,3.1,3.4
2010-10-03,"Fiorentina","Palermo","A",2,3.25,3.9
2010-10-03,"Genoa","Bari","H",1.91,3.25,4.33
2010-10-03,"Inter","Juventus","D",1.75,3.4,5
2010-10-03,"Lazio","Brescia","H",1.67,3.5,5.5
2010-10-03,"Lecce","Catania","H",2.38,3.1,3.1
2010-10-03,"Napoli","Roma","H",2.4,3.1,3.1
2010-10-16,"Milan","Chievo","H",1.44,4,8
2010-10-16,"Roma","Genoa","H",1.91,3.25,4.33
2010-10-17,"Bari","Lazio","A",2.7,3,2.8
2010-10-17,"Brescia","Udinese","A",2.7,3,2.8
2010-10-17,"Cagliari","Inter","A",4,3.2,2
2010-10-17,"Catania","Napoli","D",2.88,3,2.63
2010-10-17,"Cesena","Parma","D",2.5,3,3
2010-10-17,"Juventus","Lecce","H",1.36,4.5,9
2010-10-17,"Palermo","Bologna","H",1.62,3.6,6
2010-10-17,"Sampdoria","Fiorentina","H",2.1,3.2,3.6
2010-10-23,"Fiorentina","Bari","H",1.75,3.4,5
2010-10-24,"Bologna","Juventus","D",4.2,3.5,1.85
2010-10-24,"Chievo","Cesena","H",1.85,3.25,4.6
2010-10-24,"Genoa","Catania","H",1.8,3.2,5
2010-10-24,"Inter","Sampdoria","D",1.57,3.75,6
2010-10-24,"Lazio","Cagliari","H",1.73,3.5,5
2010-10-24,"Lecce","Brescia","H",2.38,2.88,3.4
2010-10-24,"Parma","Roma","D",3,3.2,2.38
2010-10-24,"Udinese","Palermo","H",2.38,3,3.2
2010-10-25,"Napoli","Milan","A",2.9,3.1,2.5
2010-10-29,"Genoa","Inter","A",4,3.2,2
2010-10-30,"Milan","Juventus","A",1.85,3.3,4.5
2010-10-30,"Roma","Lecce","H",1.36,4.6,8.5
2010-10-31,"Bari","Udinese","A",2.55,3.1,2.88
2010-10-31,"Brescia","Napoli","A",3.2,3,2.4
2010-10-31,"Cagliari","Bologna","H",1.85,3.4,4.33
2010-10-31,"Catania","Fiorentina","D",2.63,3.1,2.75
2010-10-31,"Cesena","Sampdoria","A",3.2,3,2.4
2010-10-31,"Palermo","Lazio","A",2.2,3.2,3.4
2010-10-31,"Parma","Chievo","D",2.1,3.2,3.6
2010-11-06,"Bologna","Lecce","H",1.91,3.25,4.33
2010-11-06,"Inter","Brescia","D",1.25,5,15
2010-11-07,"Bari","Milan","A",4.33,3.25,1.91
2010-11-07,"Fiorentina","Chievo","H",1.73,3.5,5
2010-11-07,"Juventus","Cesena","H",1.36,4.5,9
2010-11-07,"Lazio","Roma","A",2.5,3.1,2.9
2010-11-07,"Napoli","Parma","H",1.62,3.75,5.5
2010-11-07,"Palermo","Genoa","H",2,3.2,4
2010-11-07,"Sampdoria","Catania","D",1.83,3.4,4.5
2010-11-07,"Udinese","Cagliari","D",1.85,3.3,4.5
2010-11-10,"Brescia","Juventus","D",4.75,3.3,1.8
2010-11-10,"Cagliari","Napoli","A",2.5,3.1,2.9
2010-11-10,"Catania","Udinese","H",2.6,3.1,2.8
2010-11-10,"Cesena","Lazio","H",3.5,3.1,2.2
2010-11-10,"Chievo","Bari","D",2.05,3.2,3.75
2010-11-10,"Genoa","Bologna","H",1.73,3.5,5
2010-11-10,"Lecce","Inter","D",5.5,3.3,1.73
2010-11-10,"Milan","Palermo","H",1.57,3.6,6.5
2010-11-10,"Roma","Fiorentina","H",1.83,3.4,4.5
2010-11-11,"Parma","Sampdoria","H",2.38,3.1,3.1
2010-11-13,"Fiorentina","Cesena","H",1.44,4,8
2010-11-13,"Juventus","Roma","D",2.2,3.2,3.4
2010-11-14,"Bari","Parma","A",2.3,3.2,3.1
2010-11-14,"Bologna","Brescia","H",2.05,3.25,3.75
2010-11-14,"Cagliari","Genoa","A",2.2,3.2,3.3
2010-11-14,"Inter","Milan","A",2.6,3.2,2.75
2010-11-14,"Lazio","Napoli","H",2.1,3.25,3.5
2010-11-14,"Palermo","Catania","H",1.8,3.3,5
2010-11-14,"Sampdoria","Chievo","D",1.91,3.3,4.2
2010-11-14,"Udinese","Lecce","H",1.6,3.6,6
2010-11-20,"Milan","Fiorentina","H",1.57,3.75,6
2010-11-20,"Roma","Udinese","H",1.8,3.25,5
2010-11-21,"Brescia","Cagliari","A",2.2,3.1,3.5
2010-11-21,"Catania","Bari","H",1.57,3.6,6.5
2010-11-21,"Cesena","Palermo","A",3.5,3.1,2.2
2010-11-21,"Chievo","Inter","H",4.2,3.2,1.95
2010-11-21,"Genoa","Juventus","A",2.8,3,2.7
2010-11-21,"Lecce","Sampdoria","A",3,3,2.5
2010-11-21,"Napoli","Bologna","H",1.5,3.75,7.5
2010-11-21,"Parma","Lazio","D",2.63,3,2.88
2010-11-27,"Juventus","Fiorentina","D",1.67,3.6,5.5
2010-11-27,"Sampdoria","Milan","D",3.6,3.1,2.15
2010-11-28,"Bari","Cesena","D",1.91,3.3,4.2
2010-11-28,"Brescia","Genoa","D",3,3,2.5
2010-11-28,"Cagliari","Lecce","H",1.62,3.6,6
2010-11-28,"Inter","Parma","H",1.67,3.5,5.5
2010-11-28,"Lazio","Catania","D",1.67,3.5,5.5
2010-11-28,"Palermo","Roma","H",2.6,3,2.9
2010-11-28,"Udinese","Napoli","H",2.5,3,3
2010-12-03,"Lazio","Inter","H",2.7,3.1,2.7
2010-12-04,"Chievo","Roma","D",3.2,3.1,2.3
2010-12-04,"Milan","Brescia","H",1.25,5.5,12
2010-12-05,"Catania","Juventus","A",3.4,3.2,2.2
2010-12-05,"Cesena","Bologna","A",2.2,3,3.6
2010-12-05,"Fiorentina","Cagliari","H",1.91,3.1,4.5
2010-12-05,"Lecce","Genoa","A",3.5,3.1,2.2
2010-12-05,"Parma","Udinese","H",2.5,3,3
2010-12-05,"Sampdoria","Bari","H",1.73,3.25,5.5
2010-12-06,"Napoli","Palermo","H",2.1,3.2,3.6
2010-12-08,"Bologna","Chievo","H",2.4,3.1,3.1
2010-12-11,"Genoa","Napoli","A",2.4,3.1,3.1
2010-12-11,"Palermo","Parma","H",1.65,3.6,5.5
2010-12-11,"Udinese","Fiorentina","H",2,3.2,4
2010-12-12,"Bologna","Milan","A",6,3.8,1.57
2010-12-12,"Brescia","Sampdoria","H",2.9,3.1,2.55
2010-12-12,"Cagliari","Catania","H",2.05,3.1,4
2010-12-12,"Juventus","Lazio","H",1.85,3.3,4.5
2010-12-12,"Lecce","Chievo","H",3,3,2.5
2010-12-12,"Roma","Bari","H",1.4,4.5,7.5
2010-12-18,"Cesena","Cagliari","H",2.63,3,2.88
2010-12-18,"Milan","Roma","A",1.83,3.4,4.5
2010-12-19,"Bari","Palermo","D",3.5,3.1,2.2
2010-12-19,"Catania","Brescia","H",1.91,3.2,4.33
2010-12-19,"Chievo","Juventus","D",4,3.2,2
2010-12-19,"Lazio","Udinese","H",2,3.2,4
2010-12-19,"Napoli","Lecce","H",1.36,4.5,9
2010-12-19,"Parma","Bologna","D",1.75,3.4,5
2011-01-06,"Bologna","Fiorentina","D",2.88,2.9,2.7
2011-01-06,"Brescia","Cesena","A",1.91,3.2,4.33
2011-01-06,"Cagliari","Milan","A",4.33,3.25,1.91
2011-01-06,"Genoa","Lazio","D",2.38,3,3.25
2011-01-06,"Inter","Napoli","H",1.8,3.4,4.6
2011-01-06,"Juventus","Parma","A",1.44,4,8
2011-01-06,"Lecce","Bari","A",2.3,3.1,3.3
2011-01-06,"Palermo","Sampdoria","H",1.91,3.3,4.2
2011-01-06,"Roma","Catania","H",1.5,4,7
2011-01-06,"Udinese","Chievo","H",1.75,3.4,5
2011-01-09,"Bari","Bologna","A",2.15,3.2,3.5
2011-01-09,"Catania","Inter","A",3.75,3.3,2
2011-01-09,"Cesena","Genoa","D",3.1,3.1,2.4
2011-01-09,"Chievo","Palermo","D",2.5,3.2,2.88
2011-01-09,"Fiorentina","Brescia","H",1.5,3.9,7
2011-01-09,"Lazio","Lecce","A",1.36,4.6,8.5
2011-01-09,"Milan","Udinese","D",1.44,4.2,7.5
2011-01-09,"Napoli","Juventus","H",2.25,3.25,3.2
2011-01-09,"Parma","Cagliari","A",2.1,3.1,3.75
2011-01-09,"Sampdoria","Roma","H",3.1,3.1,2.4
2011-01-15,"Inter","Bologna","H",1.3,4.75,12
2011-01-15,"Napoli","Fiorentina","D",1.7,3.4,5.5
2011-01-16,"Brescia","Parma","H",2.5,3,3
2011-01-16,"Cagliari","Palermo","H",2.5,3,3
2011-01-16,"Catania","Chievo","D",2,3.1,4.2
2011-01-16,"Cesena","Roma","A",3.75,3.4,2
2011-01-16,"Genoa","Udinese","A",2.38,3,3.2
2011-01-16,"Juventus","Bari","H",1.36,4.5,9
2011-01-16,"Lazio","Sampdoria","H",1.8,3.25,5
2011-01-16,"Lecce","Milan","D",6.5,3.8,1.53
2011-01-19,"Inter","Cesena","H",1.22,6,12
2011-01-22,"Chievo","Genoa","D",2.5,3.1,2.9
2011-01-22,"Palermo","Brescia","H",1.44,4.2,7.5
2011-01-22,"Parma","Catania","H",1.95,3.1,4.33
2011-01-22,"Roma","Cagliari","H",1.53,3.7,7
2011-01-23,"Bari","Napoli","A",3.9,3.1,2.05
2011-01-23,"Bologna","Lazio","H",3,3,2.5
2011-01-23,"Fiorentina","Lecce","D",1.44,4.2,7.5
2011-01-23,"Milan","Cesena","H",1.22,5.5,15
2011-01-23,"Sampdoria","Juventus","D",2.7,3,2.75
2011-01-23,"Udinese","Inter","H",3.2,3.25,2.25
2011-01-29,"Catania","Milan","A",4.75,3.3,1.8
2011-01-29,"Lazio","Fiorentina","H",2.1,3.1,3.75
2011-01-30,"Brescia","Chievo","A",2.4,3,3.2
2011-01-30,"Cagliari","Bari","H",1.67,3.5,5.5
2011-01-30,"Genoa","Parma","H",1.91,3.3,4.2
2011-01-30,"Inter","Palermo","H",1.67,3.5,5.5
2011-01-30,"Juventus","Udinese","A",2.1,3.3,3.5
2011-01-30,"Lecce","Cesena","D",2.1,3.1,3.75
2011-01-30,"Napoli","Sampdoria","H",1.57,3.6,6.5
2011-02-01,"Milan","Lazio","D",1.57,3.6,6.5
2011-02-02,"Cesena","Catania","D",2.5,2.9,3.1
2011-02-02,"Chievo","Napoli","H",3.2,3,2.4
2011-02-02,"Fiorentina","Genoa","H",2.1,3.1,3.75
2011-02-02,"Palermo","Juventus","H",2.2,3.2,3.4
2011-02-02,"Parma","Lecce","A",1.67,3.5,5.5
2011-02-02,"Roma","Brescia","D",1.25,5.25,12
2011-02-02,"Sampdoria","Cagliari","A",2.3,3,3.4
2011-02-02,"Udinese","Bologna","D",1.44,4,8
2011-02-03,"Bari","Inter","A",8,4,1.44
2011-02-05,"Cagliari","Juventus","A",3,3,2.5
2011-02-05,"Udinese","Sampdoria","H",1.62,3.6,6
2011-02-06,"Bologna","Catania","H",2.1,3.25,3.5
2011-02-06,"Brescia","Bari","H",2,3.1,4.2
2011-02-06,"Genoa","Milan","D",3.75,3.3,2
2011-02-06,"Inter","Roma","H",1.91,3.4,4
2011-02-06,"Lazio","Chievo","D",1.75,3.5,4.75
2011-02-06,"Lecce","Palermo","A",3.2,3.25,2.25
2011-02-06,"Napoli","Cesena","H",1.29,5,11
2011-02-06,"Parma","Fiorentina","D",2.38,3,3.2
2011-02-12,"Milan","Parma","H",1.36,4.5,9
2011-02-12,"Roma","Napoli","A",2.25,3.1,3.4
2011-02-13,"Bari","Genoa","D",3.2,3,2.38
2011-02-13,"Brescia","Lazio","A",3.25,3,2.38
2011-02-13,"Cagliari","Chievo","H",2.1,2.88,4.2
2011-02-13,"Catania","Lecce","H",1.73,3.5,5
2011-02-13,"Cesena","Udinese","A",3.6,3.2,2.1
2011-02-13,"Juventus","Inter","H",2.88,3,2.6
2011-02-13,"Palermo","Fiorentina","A",1.75,3.4,5
2011-02-13,"Sampdoria","Bologna","H",2.1,3.1,3.8
2011-02-16,"Fiorentina","Inter","A",3.1,3.2,2.3
2011-02-16,"Sampdoria","Genoa","A",2.63,3,2.88
2011-02-19,"Bologna","Palermo","H",2.7,3.1,2.7
2011-02-19,"Inter","Cagliari","H",1.4,4.5,8
2011-02-20,"Chievo","Milan","A",4.5,3.4,1.83
2011-02-20,"Fiorentina","Sampdoria","D",1.75,3.4,5
2011-02-20,"Genoa","Roma","H",2.5,3.1,2.9
2011-02-20,"Lazio","Bari","H",1.4,4.33,8
2011-02-20,"Lecce","Juventus","H",5.5,3.75,1.62
2011-02-20,"Napoli","Catania","H",1.4,4.33,8
2011-02-20,"Parma","Cesena","D",1.67,3.5,5.5
2011-02-20,"Udinese","Brescia","D",1.4,4.33,8
2011-02-23,"Bologna","Roma","A",4.75,3.4,1.8
2011-02-26,"Juventus","Bologna","A",1.44,4.2,7.5
2011-02-27,"Bari","Fiorentina","D",3.6,3.2,2.1
2011-02-27,"Brescia","Lecce","D",1.91,3.25,4.33
2011-02-27,"Cagliari","Lazio","H",2.38,3,3.2
2011-02-27,"Catania","Genoa","H",2.5,3,3
2011-02-27,"Cesena","Chievo","H",2.6,3,2.88
2011-02-27,"Palermo","Udinese","A",2.3,3.2,3.2
2011-02-27,"Roma","Parma","D",1.53,3.8,6.5
2011-02-27,"Sampdoria","Inter","A",3.8,3.3,2
2011-02-28,"Milan","Napoli","H",1.8,3.5,4.5
2011-03-04,"Lecce","Roma","A",4,3.3,1.95
2011-03-05,"Juventus","Milan","A",3,3,2.5
2011-03-06,"Bologna","Cagliari","D",2.3,3,3.4
2011-03-06,"Chievo","Parma","D",2.38,3,3.2
2011-03-06,"Fiorentina","Catania","H",1.67,3.4,6
2011-03-06,"Inter","Genoa","H",1.4,4.33,8.5
2011-03-06,"Lazio","Palermo","H",1.95,3.3,4
2011-03-06,"Napoli","Brescia","D",1.36,4.33,10
2011-03-06,"Sampdoria","Cesena","A",1.75,3.4,5
2011-03-06,"Udinese","Bari","H",1.29,5.5,10
2011-03-11,"Brescia","Inter","D",5.5,3.5,1.67
2011-03-12,"Cesena","Juventus","D",3.6,3,2.2
2011-03-13,"Cagliari","Udinese","A",2.75,3.1,2.63
2011-03-13,"Catania","Sampdoria","H",2.05,3.1,4
2011-03-13,"Chievo","Fiorentina","A",2.7,2.9,2.88
2011-03-13,"Genoa","Palermo","H",1.91,3.25,4.2
2011-03-13,"Lecce","Bologna","A",2.3,3.1,3.3
2011-03-13,"Milan","Bari","D",1.2,6,15
2011-03-13,"Parma","Napoli","A",2.88,3,2.63
2011-03-13,"Roma","Lazio","H",2.38,3.1,3.1
2011-03-19,"Lazio","Cesena","H",1.73,3.4,5.25
2011-03-19,"Palermo","Milan","H",3.5,3.3,2.1
2011-03-20,"Bari","Chievo","A",2.7,3,2.8
2011-03-20,"Bologna","Genoa","D",2.6,2.8,3.1
2011-03-20,"Fiorentina","Roma","D",2.45,3.1,3
2011-03-20,"Inter","Lecce","H",1.25,5.75,11
2011-03-20,"Juventus","Brescia","H",1.44,4.2,8
2011-03-20,"Napoli","Cagliari","H",1.57,3.6,6.5
2011-03-20,"Sampdoria","Parma","A",2.25,3,3.5
2011-03-20,"Udinese","Catania","H",1.45,4,8
2011-04-02,"Brescia","Bologna","H",1.45,4.2,6
2011-04-02,"Milan","Inter","H",2.8,3.1,2.6
2011-04-03,"Catania","Palermo","H",2.3,3,3.4
2011-04-03,"Cesena","Fiorentina","D",3.25,3,2.38
2011-04-03,"Chievo","Sampdoria","D",3.25,1.5,7.5
2011-04-03,"Genoa","Cagliari","A",2.38,2,5.5
2011-04-03,"Lecce","Udinese","H",5,3.4,1.75
2011-04-03,"Napoli","Lazio","H",1.75,3.3,5.25
2011-04-03,"Parma","Bari","A",1.44,3.8,9
2011-04-03,"Roma","Juventus","A",1.95,3.3,4
2011-04-09,"Inter","Chievo","H",1.44,4,8
2011-04-09,"Udinese","Roma","A",2.2,3.2,3.4
2011-04-10,"Bari","Catania","D",3.4,2.88,2.38
2011-04-10,"Bologna","Napoli","A",5.5,3.5,1.67
2011-04-10,"Cagliari","Brescia","D",3.1,1.91,3.75
2011-04-10,"Fiorentina","Milan","A",4,3.4,1.91
2011-04-10,"Juventus","Genoa","H",1.57,3.6,6.5
2011-04-10,"Lazio","Parma","H",1.75,3.4,5
2011-04-10,"Palermo","Cesena","D",2.1,2.1,6
2011-04-10,"Sampdoria","Lecce","A",2.1,2.1,6
2011-04-16,"Milan","Sampdoria","H",1.29,5,11
2011-04-16,"Parma","Inter","H",4.5,3.5,1.8
2011-04-16,"Roma","Palermo","A",1.44,4.33,7
2011-04-17,"Catania","Lazio","A",2.88,2.3,3.2
2011-04-17,"Cesena","Bari","H",1.5,4,7
2011-04-17,"Chievo","Bologna","H",NA,NA,NA
2011-04-17,"Fiorentina","Juventus","D",2.63,3.25,2.63
2011-04-17,"Genoa","Brescia","H",NA,NA,NA
2011-04-17,"Lecce","Cagliari","D",1.5,3.8,7.5
2011-04-17,"Napoli","Udinese","A",1.6,3.5,5.5
2011-04-23,"Bari","Sampdoria","A",4.5,4.75,1.5
2011-04-23,"Bologna","Cesena","A",3.25,1.7,5
2011-04-23,"Brescia","Milan","A",5.75,3.1,1.75
2011-04-23,"Cagliari","Fiorentina","A",2.4,2.63,3.4
2011-04-23,"Genoa","Lecce","H",2.2,2.38,4.5
2011-04-23,"Inter","Lazio","H",1.85,3.3,4.5
2011-04-23,"Juventus","Catania","D",1.44,4.2,7.5
2011-04-23,"Palermo","Napoli","H",3.25,3.1,2.3
2011-04-23,"Roma","Chievo","H",1.4,4.33,8.5
2011-04-23,"Udinese","Parma","A",1.73,3.4,5.25
2011-04-30,"Cesena","Inter","A",4.33,3.25,1.91
2011-04-30,"Napoli","Genoa","H",1.33,5,9
2011-05-01,"Bari","Roma","A",9,5.5,1.3
2011-05-01,"Catania","Cagliari","H",1.33,4.75,9
2011-05-01,"Chievo","Lecce","H",2.63,2.05,4.33
2011-05-01,"Fiorentina","Udinese","H",2.5,3.2,2.8
2011-05-01,"Milan","Bologna","H",1.2,6.5,13
2011-05-01,"Parma","Palermo","H",1.95,3,4.5
2011-05-01,"Sampdoria","Brescia","D",1.85,3.3,4.5
2011-05-02,"Lazio","Juventus","A",2.1,3.2,3.6
2011-05-07,"Palermo","Bari","H",1.44,4.33,7
2011-05-07,"Roma","Milan","D",2.5,3.2,2.88
2011-05-08,"Bologna","Parma","D",4.5,1.4,6.5
2011-05-08,"Brescia","Catania","A",1.85,3.3,4.5
2011-05-08,"Cagliari","Cesena","A",3.6,2.63,2.3
2011-05-08,"Genoa","Sampdoria","H",2.6,3.2,2.75
2011-05-08,"Inter","Fiorentina","H",1.67,3.75,5
2011-05-08,"Lecce","Napoli","H",2.2,3.3,3.25
2011-05-08,"Udinese","Lazio","H",2.25,3,3.5
2011-05-09,"Juventus","Chievo","D",1.29,5,12
2011-05-14,"Lazio","Genoa","H",1.4,4.6,7.5
2011-05-14,"Milan","Cagliari","H",1.53,3.6,7.5
2011-05-15,"Bari","Lecce","A",5,3.6,1.7
2011-05-15,"Catania","Roma","H",6,4.33,1.5
2011-05-15,"Cesena","Brescia","H",1.22,5.5,11
2011-05-15,"Chievo","Udinese","A",7.5,4.33,1.36
2011-05-15,"Fiorentina","Bologna","D",1.73,3,6.5
2011-05-15,"Napoli","Inter","D",3.8,1.75,3.8
2011-05-15,"Parma","Juventus","H",3.6,3.3,2.05
2011-05-15,"Sampdoria","Palermo","A",1.36,4.75,8
2011-05-22,"Bologna","Bari","A",1.62,3.6,6
2011-05-22,"Brescia","Fiorentina","D",3,3.2,2.4
2011-05-22,"Cagliari","Parma","D",2.1,3.2,3.6
2011-05-22,"Genoa","Cesena","H",1.65,3.6,5.5
2011-05-22,"Inter","Catania","H",1.53,3.75,7
2011-05-22,"Juventus","Napoli","D",1.9,3.6,3.8
2011-05-22,"Lecce","Lazio","A",6,3.6,1.6
2011-05-22,"Palermo","Chievo","A",1.75,3.5,4.75
2011-05-22,"Roma","Sampdoria","H",1.29,5,11
2011-05-22,"Udinese","Milan","D",3.5,1.53,6.5
